-- phpMyAdmin SQL Dump
-- version 5.2.0
-- https://www.phpmyadmin.net/
--
-- Host: 127.0.0.1
-- Generation Time: Sep 24, 2022 at 08:05 AM
-- Server version: 10.4.24-MariaDB
-- PHP Version: 7.4.29

SET SQL_MODE = "NO_AUTO_VALUE_ON_ZERO";
START TRANSACTION;
SET time_zone = "+00:00";


/*!40101 SET @OLD_CHARACTER_SET_CLIENT=@@CHARACTER_SET_CLIENT */;
/*!40101 SET @OLD_CHARACTER_SET_RESULTS=@@CHARACTER_SET_RESULTS */;
/*!40101 SET @OLD_COLLATION_CONNECTION=@@COLLATION_CONNECTION */;
/*!40101 SET NAMES utf8mb4 */;

--
-- Database: `frozen_food`
--

-- --------------------------------------------------------

--
-- Table structure for table `app_infos`
--

CREATE TABLE `app_infos` (
  `id` bigint(20) UNSIGNED NOT NULL,
  `logo` varchar(191) COLLATE utf8mb4_unicode_ci DEFAULT NULL,
  `fav` varchar(191) COLLATE utf8mb4_unicode_ci DEFAULT NULL,
  `mail_from_address` varchar(191) COLLATE utf8mb4_unicode_ci DEFAULT NULL,
  `phone` varchar(191) COLLATE utf8mb4_unicode_ci DEFAULT NULL,
  `created_at` timestamp NULL DEFAULT NULL,
  `updated_at` timestamp NULL DEFAULT NULL
) ENGINE=InnoDB DEFAULT CHARSET=utf8mb4 COLLATE=utf8mb4_unicode_ci;

--
-- Dumping data for table `app_infos`
--

INSERT INTO `app_infos` (`id`, `logo`, `fav`, `mail_from_address`, `phone`, `created_at`, `updated_at`) VALUES
(1, '1663999033ssRinSCeZlI5.jpg', '1663999033XTVZ8MZWIY9y.jpg', NULL, NULL, NULL, '2022-09-23 23:57:13');

-- --------------------------------------------------------

--
-- Table structure for table `devices`
--

CREATE TABLE `devices` (
  `id` bigint(20) UNSIGNED NOT NULL,
  `device_number` int(11) NOT NULL,
  `device_manual_id` int(11) NOT NULL,
  `group_id` bigint(20) UNSIGNED NOT NULL,
  `company_id` bigint(20) UNSIGNED NOT NULL,
  `location_id` bigint(20) UNSIGNED NOT NULL,
  `type` enum('Blast Freeze','Pre Cooler') COLLATE utf8mb4_unicode_ci NOT NULL,
  `created_at` timestamp NULL DEFAULT NULL,
  `updated_at` timestamp NULL DEFAULT NULL
) ENGINE=InnoDB DEFAULT CHARSET=utf8mb4 COLLATE=utf8mb4_unicode_ci;

--
-- Dumping data for table `devices`
--

INSERT INTO `devices` (`id`, `device_number`, `device_manual_id`, `group_id`, `company_id`, `location_id`, `type`, `created_at`, `updated_at`) VALUES
(1, 1, 104651, 1, 3, 5, 'Blast Freeze', '2022-09-24 00:02:54', '2022-09-24 00:02:54'),
(2, 2, 104652, 1, 3, 5, 'Blast Freeze', '2022-09-24 00:03:00', '2022-09-24 00:03:00'),
(3, 3, 104653, 1, 3, 5, 'Blast Freeze', '2022-09-24 00:03:02', '2022-09-24 00:03:02'),
(4, 4, 104654, 1, 3, 5, 'Pre Cooler', '2022-09-24 00:03:06', '2022-09-24 00:03:12');

-- --------------------------------------------------------

--
-- Table structure for table `failed_jobs`
--

CREATE TABLE `failed_jobs` (
  `id` bigint(20) UNSIGNED NOT NULL,
  `uuid` varchar(191) COLLATE utf8mb4_unicode_ci NOT NULL,
  `connection` text COLLATE utf8mb4_unicode_ci NOT NULL,
  `queue` text COLLATE utf8mb4_unicode_ci NOT NULL,
  `payload` longtext COLLATE utf8mb4_unicode_ci NOT NULL,
  `exception` longtext COLLATE utf8mb4_unicode_ci NOT NULL,
  `failed_at` timestamp NOT NULL DEFAULT current_timestamp()
) ENGINE=InnoDB DEFAULT CHARSET=utf8mb4 COLLATE=utf8mb4_unicode_ci;

-- --------------------------------------------------------

--
-- Table structure for table `freezers`
--

CREATE TABLE `freezers` (
  `id` bigint(20) UNSIGNED NOT NULL,
  `group_id` bigint(20) UNSIGNED NOT NULL,
  `company_id` bigint(20) UNSIGNED NOT NULL,
  `location_id` bigint(20) UNSIGNED NOT NULL,
  `name` varchar(191) COLLATE utf8mb4_unicode_ci NOT NULL,
  `created_at` timestamp NULL DEFAULT NULL,
  `updated_at` timestamp NULL DEFAULT NULL
) ENGINE=InnoDB DEFAULT CHARSET=utf8mb4 COLLATE=utf8mb4_unicode_ci;

--
-- Dumping data for table `freezers`
--

INSERT INTO `freezers` (`id`, `group_id`, `company_id`, `location_id`, `name`, `created_at`, `updated_at`) VALUES
(1, 1, 3, 5, 'Freezer 1', '2022-09-24 00:03:31', '2022-09-24 00:03:31');

-- --------------------------------------------------------

--
-- Table structure for table `freezer_details`
--

CREATE TABLE `freezer_details` (
  `id` bigint(20) UNSIGNED NOT NULL,
  `freezer_id` bigint(20) UNSIGNED NOT NULL,
  `device_id` bigint(20) UNSIGNED NOT NULL,
  `device_manual_id` bigint(20) UNSIGNED NOT NULL,
  `created_at` timestamp NULL DEFAULT NULL,
  `updated_at` timestamp NULL DEFAULT NULL
) ENGINE=InnoDB DEFAULT CHARSET=utf8mb4 COLLATE=utf8mb4_unicode_ci;

--
-- Dumping data for table `freezer_details`
--

INSERT INTO `freezer_details` (`id`, `freezer_id`, `device_id`, `device_manual_id`, `created_at`, `updated_at`) VALUES
(1, 1, 1, 104651, '2022-09-24 00:03:31', '2022-09-24 00:03:31'),
(2, 1, 2, 104652, '2022-09-24 00:03:31', '2022-09-24 00:03:31'),
(3, 1, 3, 104653, '2022-09-24 00:03:31', '2022-09-24 00:03:31'),
(4, 1, 4, 104654, '2022-09-24 00:03:32', '2022-09-24 00:03:32');

-- --------------------------------------------------------

--
-- Table structure for table `locations`
--

CREATE TABLE `locations` (
  `id` bigint(20) UNSIGNED NOT NULL,
  `name` varchar(191) COLLATE utf8mb4_unicode_ci NOT NULL,
  `type` enum('Group','Company','Location') COLLATE utf8mb4_unicode_ci NOT NULL,
  `location_id` bigint(20) UNSIGNED DEFAULT NULL,
  `is_active` tinyint(1) NOT NULL DEFAULT 0,
  `created_at` timestamp NULL DEFAULT NULL,
  `updated_at` timestamp NULL DEFAULT NULL
) ENGINE=InnoDB DEFAULT CHARSET=utf8mb4 COLLATE=utf8mb4_unicode_ci;

--
-- Dumping data for table `locations`
--

INSERT INTO `locations` (`id`, `name`, `type`, `location_id`, `is_active`, `created_at`, `updated_at`) VALUES
(1, 'Pran', 'Group', NULL, 1, NULL, NULL),
(2, 'Rfl', 'Group', NULL, 1, NULL, NULL),
(3, 'Jhatpat', 'Company', 1, 1, '2022-09-23 23:57:41', '2022-09-23 23:57:41'),
(4, 'Altime', 'Company', 1, 1, '2022-09-23 23:57:45', '2022-09-23 23:57:45'),
(5, 'PIP 1', 'Location', 3, 1, '2022-09-23 23:57:56', '2022-09-23 23:57:56'),
(6, 'PIP 2', 'Location', 3, 1, '2022-09-23 23:57:59', '2022-09-23 23:57:59'),
(7, 'HIP', 'Location', 4, 1, '2022-09-23 23:58:03', '2022-09-23 23:58:03');

-- --------------------------------------------------------

--
-- Table structure for table `migrations`
--

CREATE TABLE `migrations` (
  `id` int(10) UNSIGNED NOT NULL,
  `migration` varchar(191) COLLATE utf8mb4_unicode_ci NOT NULL,
  `batch` int(11) NOT NULL
) ENGINE=InnoDB DEFAULT CHARSET=utf8mb4 COLLATE=utf8mb4_unicode_ci;

--
-- Dumping data for table `migrations`
--

INSERT INTO `migrations` (`id`, `migration`, `batch`) VALUES
(1, '2014_10_12_100000_create_password_resets_table', 1),
(2, '2019_08_19_000000_create_failed_jobs_table', 1),
(3, '2019_12_14_000001_create_personal_access_tokens_table', 1),
(4, '2021_04_24_161700_create_modules_table', 1),
(5, '2021_04_24_161711_create_permissions_table', 1),
(6, '2021_04_24_161732_create_locations_table', 1),
(7, '2021_04_24_161733_create_roles_table', 1),
(8, '2021_04_24_161734_create_permission_roles_table', 1),
(9, '2021_04_24_161742_create_sub_modules_table', 1),
(10, '2021_04_24_161757_create_super_admins_table', 1),
(11, '2021_08_19_102916_create_app_infos_table', 1),
(12, '2022_09_13_064302_create_temperature_table', 1),
(13, '2022_09_15_044004_create_devices_table', 1),
(14, '2022_09_15_044005_create_users_table', 1),
(15, '2022_09_17_091226_create_freezers_table', 1),
(16, '2022_09_17_091233_create_freezer_details_table', 1),
(17, '2022_09_22_092331_create_role_locations_table', 1),
(18, '2022_09_22_100816_create_user_locations_table', 1);

-- --------------------------------------------------------

--
-- Table structure for table `modules`
--

CREATE TABLE `modules` (
  `id` bigint(20) UNSIGNED NOT NULL,
  `name` varchar(191) COLLATE utf8mb4_unicode_ci NOT NULL,
  `key` varchar(191) COLLATE utf8mb4_unicode_ci NOT NULL,
  `icon` varchar(191) COLLATE utf8mb4_unicode_ci NOT NULL,
  `position` int(11) NOT NULL,
  `route` varchar(191) COLLATE utf8mb4_unicode_ci DEFAULT NULL,
  `created_at` timestamp NULL DEFAULT NULL,
  `updated_at` timestamp NULL DEFAULT NULL
) ENGINE=InnoDB DEFAULT CHARSET=utf8mb4 COLLATE=utf8mb4_unicode_ci;

--
-- Dumping data for table `modules`
--

INSERT INTO `modules` (`id`, `name`, `key`, `icon`, `position`, `route`, `created_at`, `updated_at`) VALUES
(1, 'User Module', 'user_module', 'fas fa-users', 1, NULL, NULL, NULL),
(2, 'Log Sheets', 'log_sheets', 'fas fa-file', 9, NULL, NULL, NULL),
(3, 'Location', 'location_module', 'fas fa-map', 2, NULL, NULL, NULL),
(4, 'System', 'system_module', 'fas fa-desktop', 3, NULL, NULL, NULL),
(5, 'Production', 'production_module', 'fab fa-product-hunt', 4, NULL, NULL, NULL),
(50, 'Settings', 'settings', 'fas fa-cog', 10, NULL, NULL, NULL);

-- --------------------------------------------------------

--
-- Table structure for table `password_resets`
--

CREATE TABLE `password_resets` (
  `id` bigint(20) UNSIGNED NOT NULL,
  `email` varchar(191) COLLATE utf8mb4_unicode_ci NOT NULL,
  `token` varchar(191) COLLATE utf8mb4_unicode_ci NOT NULL,
  `created_at` timestamp NULL DEFAULT NULL
) ENGINE=InnoDB DEFAULT CHARSET=utf8mb4 COLLATE=utf8mb4_unicode_ci;

-- --------------------------------------------------------

--
-- Table structure for table `permissions`
--

CREATE TABLE `permissions` (
  `id` bigint(20) UNSIGNED NOT NULL,
  `key` varchar(191) COLLATE utf8mb4_unicode_ci NOT NULL,
  `display_name` varchar(191) COLLATE utf8mb4_unicode_ci NOT NULL,
  `module_id` bigint(20) UNSIGNED NOT NULL,
  `created_at` timestamp NULL DEFAULT NULL,
  `updated_at` timestamp NULL DEFAULT NULL
) ENGINE=InnoDB DEFAULT CHARSET=utf8mb4 COLLATE=utf8mb4_unicode_ci;

--
-- Dumping data for table `permissions`
--

INSERT INTO `permissions` (`id`, `key`, `display_name`, `module_id`, `created_at`, `updated_at`) VALUES
(1, 'user_module', 'User Module', 1, NULL, NULL),
(2, 'all_user', 'All User', 1, NULL, NULL),
(3, 'add_user', '-- Add User', 1, NULL, NULL),
(4, 'edit_user', '-- Edit User', 1, NULL, NULL),
(6, 'settings', 'Setting Module', 50, NULL, NULL),
(7, 'app_info', '-- Software Info', 50, NULL, NULL),
(8, 'log_sheets', 'Log sheets', 2, NULL, NULL),
(9, 'temperature_log', '-- Temperature log', 2, NULL, NULL),
(17, 'system_module', 'System', 4, NULL, NULL),
(18, 'device', 'Device', 4, NULL, NULL),
(19, 'add_device', '-- Add Device', 4, NULL, NULL),
(20, 'edit_device', '-- Edit Device', 4, NULL, NULL),
(21, 'delete_device', '-- Delete Device', 4, NULL, NULL),
(22, 'roles', 'Roles', 1, NULL, NULL),
(23, 'add_roles', '-- Add Roles', 1, NULL, NULL),
(24, 'edit_roles', '-- Edit Roles', 1, NULL, NULL),
(25, 'production_module', 'Production', 5, NULL, NULL),
(26, 'freezer', 'Freezer', 5, NULL, NULL),
(27, 'add_freezer', '-- Add Freezer', 5, NULL, NULL),
(28, 'edit_freezer', '-- Edit Freezer', 5, NULL, NULL),
(29, 'delete_freezer', '-- Delete Freezer', 5, NULL, NULL);

-- --------------------------------------------------------

--
-- Table structure for table `permission_role`
--

CREATE TABLE `permission_role` (
  `id` bigint(20) UNSIGNED NOT NULL,
  `role_id` bigint(20) UNSIGNED NOT NULL,
  `permission_id` bigint(20) UNSIGNED NOT NULL,
  `created_at` timestamp NULL DEFAULT NULL,
  `updated_at` timestamp NULL DEFAULT NULL
) ENGINE=InnoDB DEFAULT CHARSET=utf8mb4 COLLATE=utf8mb4_unicode_ci;

--
-- Dumping data for table `permission_role`
--

INSERT INTO `permission_role` (`id`, `role_id`, `permission_id`, `created_at`, `updated_at`) VALUES
(1, 1, 1, '2022-09-23 23:58:36', '2022-09-23 23:58:36'),
(2, 1, 2, '2022-09-23 23:58:36', '2022-09-23 23:58:36'),
(3, 1, 3, '2022-09-23 23:58:36', '2022-09-23 23:58:36'),
(4, 1, 4, '2022-09-23 23:58:36', '2022-09-23 23:58:36'),
(5, 1, 22, '2022-09-23 23:58:36', '2022-09-23 23:58:36'),
(6, 1, 23, '2022-09-23 23:58:36', '2022-09-23 23:58:36'),
(7, 1, 24, '2022-09-23 23:58:36', '2022-09-23 23:58:36'),
(8, 1, 17, '2022-09-23 23:58:36', '2022-09-23 23:58:36'),
(9, 1, 18, '2022-09-23 23:58:36', '2022-09-23 23:58:36'),
(10, 1, 19, '2022-09-23 23:58:36', '2022-09-23 23:58:36'),
(11, 1, 20, '2022-09-23 23:58:36', '2022-09-23 23:58:36'),
(12, 1, 21, '2022-09-23 23:58:36', '2022-09-23 23:58:36'),
(13, 1, 25, '2022-09-23 23:58:36', '2022-09-23 23:58:36'),
(14, 1, 26, '2022-09-23 23:58:36', '2022-09-23 23:58:36'),
(15, 1, 27, '2022-09-23 23:58:36', '2022-09-23 23:58:36'),
(16, 1, 28, '2022-09-23 23:58:36', '2022-09-23 23:58:36'),
(17, 1, 29, '2022-09-23 23:58:36', '2022-09-23 23:58:36'),
(18, 1, 8, '2022-09-23 23:58:36', '2022-09-23 23:58:36'),
(19, 1, 9, '2022-09-23 23:58:36', '2022-09-23 23:58:36'),
(20, 1, 6, '2022-09-23 23:58:36', '2022-09-23 23:58:36'),
(21, 1, 7, '2022-09-23 23:58:36', '2022-09-23 23:58:36'),
(22, 2, 17, '2022-09-24 00:00:54', '2022-09-24 00:00:54'),
(23, 2, 18, '2022-09-24 00:00:54', '2022-09-24 00:00:54'),
(24, 2, 19, '2022-09-24 00:00:54', '2022-09-24 00:00:54'),
(25, 2, 20, '2022-09-24 00:00:54', '2022-09-24 00:00:54'),
(26, 2, 21, '2022-09-24 00:00:54', '2022-09-24 00:00:54'),
(27, 2, 25, '2022-09-24 00:00:54', '2022-09-24 00:00:54'),
(28, 2, 26, '2022-09-24 00:00:54', '2022-09-24 00:00:54'),
(29, 2, 27, '2022-09-24 00:00:54', '2022-09-24 00:00:54'),
(30, 2, 28, '2022-09-24 00:00:54', '2022-09-24 00:00:54'),
(31, 2, 29, '2022-09-24 00:00:54', '2022-09-24 00:00:54'),
(32, 2, 8, '2022-09-24 00:00:54', '2022-09-24 00:00:54'),
(33, 2, 9, '2022-09-24 00:00:54', '2022-09-24 00:00:54');

-- --------------------------------------------------------

--
-- Table structure for table `personal_access_tokens`
--

CREATE TABLE `personal_access_tokens` (
  `id` bigint(20) UNSIGNED NOT NULL,
  `tokenable_type` varchar(191) COLLATE utf8mb4_unicode_ci NOT NULL,
  `tokenable_id` bigint(20) UNSIGNED NOT NULL,
  `name` varchar(191) COLLATE utf8mb4_unicode_ci NOT NULL,
  `token` varchar(64) COLLATE utf8mb4_unicode_ci NOT NULL,
  `abilities` text COLLATE utf8mb4_unicode_ci DEFAULT NULL,
  `last_used_at` timestamp NULL DEFAULT NULL,
  `created_at` timestamp NULL DEFAULT NULL,
  `updated_at` timestamp NULL DEFAULT NULL
) ENGINE=InnoDB DEFAULT CHARSET=utf8mb4 COLLATE=utf8mb4_unicode_ci;

-- --------------------------------------------------------

--
-- Table structure for table `roles`
--

CREATE TABLE `roles` (
  `id` bigint(20) UNSIGNED NOT NULL,
  `name` varchar(191) COLLATE utf8mb4_unicode_ci NOT NULL,
  `is_active` tinyint(1) NOT NULL DEFAULT 0,
  `created_at` timestamp NULL DEFAULT NULL,
  `updated_at` timestamp NULL DEFAULT NULL
) ENGINE=InnoDB DEFAULT CHARSET=utf8mb4 COLLATE=utf8mb4_unicode_ci;

--
-- Dumping data for table `roles`
--

INSERT INTO `roles` (`id`, `name`, `is_active`, `created_at`, `updated_at`) VALUES
(1, 'Admin', 1, '2022-09-23 23:58:36', '2022-09-23 23:58:36'),
(2, 'Operator', 1, '2022-09-24 00:00:54', '2022-09-24 00:00:54');

-- --------------------------------------------------------

--
-- Table structure for table `role_locations`
--

CREATE TABLE `role_locations` (
  `id` bigint(20) UNSIGNED NOT NULL,
  `role_id` bigint(20) UNSIGNED NOT NULL,
  `location_id` bigint(20) UNSIGNED NOT NULL,
  `type` enum('Group','Company','Location') COLLATE utf8mb4_unicode_ci NOT NULL,
  `created_at` timestamp NULL DEFAULT NULL,
  `updated_at` timestamp NULL DEFAULT NULL
) ENGINE=InnoDB DEFAULT CHARSET=utf8mb4 COLLATE=utf8mb4_unicode_ci;

--
-- Dumping data for table `role_locations`
--

INSERT INTO `role_locations` (`id`, `role_id`, `location_id`, `type`, `created_at`, `updated_at`) VALUES
(1, 1, 1, 'Group', '2022-09-23 23:58:36', '2022-09-23 23:58:36'),
(2, 1, 3, 'Company', '2022-09-23 23:58:36', '2022-09-23 23:58:36'),
(3, 1, 5, 'Location', '2022-09-23 23:58:36', '2022-09-23 23:58:36'),
(4, 1, 6, 'Location', '2022-09-23 23:58:36', '2022-09-23 23:58:36'),
(5, 2, 1, 'Group', '2022-09-24 00:00:54', '2022-09-24 00:00:54'),
(6, 2, 3, 'Company', '2022-09-24 00:00:54', '2022-09-24 00:00:54'),
(7, 2, 5, 'Location', '2022-09-24 00:00:54', '2022-09-24 00:00:54'),
(8, 2, 6, 'Location', '2022-09-24 00:00:54', '2022-09-24 00:00:54');

-- --------------------------------------------------------

--
-- Table structure for table `sub_modules`
--

CREATE TABLE `sub_modules` (
  `id` bigint(20) UNSIGNED NOT NULL,
  `name` varchar(191) COLLATE utf8mb4_unicode_ci NOT NULL,
  `key` varchar(191) COLLATE utf8mb4_unicode_ci NOT NULL,
  `position` int(11) NOT NULL,
  `route` varchar(191) COLLATE utf8mb4_unicode_ci NOT NULL,
  `module_id` bigint(20) UNSIGNED NOT NULL,
  `created_at` timestamp NULL DEFAULT NULL,
  `updated_at` timestamp NULL DEFAULT NULL
) ENGINE=InnoDB DEFAULT CHARSET=utf8mb4 COLLATE=utf8mb4_unicode_ci;

--
-- Dumping data for table `sub_modules`
--

INSERT INTO `sub_modules` (`id`, `name`, `key`, `position`, `route`, `module_id`, `created_at`, `updated_at`) VALUES
(1, 'All User', 'all_user', 1, 'user.all', 1, NULL, NULL),
(2, 'Roles', 'roles', 2, 'role.all', 1, NULL, NULL),
(3, 'App Info', 'app_info', 1, 'app.info.all', 50, NULL, NULL),
(4, 'Temperature log', 'temperature_log', 1, 'temperature.log', 2, NULL, NULL),
(5, 'Company', 'company', 1, 'company.all', 3, NULL, NULL),
(6, 'Location', 'location', 2, 'location.all', 3, NULL, NULL),
(7, 'Device', 'device', 1, 'device.all', 4, NULL, NULL),
(8, 'Freezer', 'freezer', 1, 'freezer.all', 5, NULL, NULL);

-- --------------------------------------------------------

--
-- Table structure for table `super_admins`
--

CREATE TABLE `super_admins` (
  `id` bigint(20) UNSIGNED NOT NULL,
  `name` varchar(191) COLLATE utf8mb4_unicode_ci NOT NULL,
  `email` varchar(191) COLLATE utf8mb4_unicode_ci NOT NULL,
  `image` varchar(191) COLLATE utf8mb4_unicode_ci DEFAULT NULL,
  `phone` varchar(191) COLLATE utf8mb4_unicode_ci DEFAULT NULL,
  `email_verified_at` timestamp NULL DEFAULT NULL,
  `password` varchar(191) COLLATE utf8mb4_unicode_ci NOT NULL,
  `remember_token` varchar(100) COLLATE utf8mb4_unicode_ci DEFAULT NULL,
  `created_at` timestamp NULL DEFAULT NULL,
  `updated_at` timestamp NULL DEFAULT NULL
) ENGINE=InnoDB DEFAULT CHARSET=utf8mb4 COLLATE=utf8mb4_unicode_ci;

--
-- Dumping data for table `super_admins`
--

INSERT INTO `super_admins` (`id`, `name`, `email`, `image`, `phone`, `email_verified_at`, `password`, `remember_token`, `created_at`, `updated_at`) VALUES
(1, 'Super Admin', 'superadmin@gmail.com', NULL, '1858361812', NULL, '$2y$10$S68jriMmIpV4XUVxVaNfKuoKwP6aaBeyDHua0oBxdcLHIAXFPQvtK', NULL, NULL, NULL);

-- --------------------------------------------------------

--
-- Table structure for table `temperature`
--

CREATE TABLE `temperature` (
  `id` bigint(20) UNSIGNED NOT NULL,
  `temperature` double NOT NULL,
  `date_time` datetime NOT NULL,
  `device_manual_id` bigint(20) NOT NULL
) ENGINE=InnoDB DEFAULT CHARSET=utf8mb4 COLLATE=utf8mb4_unicode_ci;

-- --------------------------------------------------------

--
-- Table structure for table `temperature_2022_09`
--

CREATE TABLE `temperature_2022_09` (
  `id` int(11) NOT NULL,
  `temperature` double NOT NULL,
  `date_time` datetime NOT NULL,
  `device_manual_id` int(11) NOT NULL
) ENGINE=InnoDB DEFAULT CHARSET=utf8mb4;

--
-- Dumping data for table `temperature_2022_09`
--

INSERT INTO `temperature_2022_09` (`id`, `temperature`, `date_time`, `device_manual_id`) VALUES
(1, -37.9, '2022-09-22 14:49:15', 104651),
(2, -34.3, '2022-09-22 14:49:15', 104652),
(3, -34.7, '2022-09-22 14:49:15', 104653),
(4, 5.3, '2022-09-22 14:49:15', 104654),
(5, -38.1, '2022-09-22 14:50:15', 104651),
(6, -34.7, '2022-09-22 14:50:15', 104652),
(7, -34.7, '2022-09-22 14:50:15', 104653),
(8, 5.5, '2022-09-22 14:50:15', 104654),
(9, -38.2, '2022-09-22 14:51:15', 104651),
(10, -34.9, '2022-09-22 14:51:15', 104652),
(11, -34.6, '2022-09-22 14:51:15', 104653),
(12, 5.6, '2022-09-22 14:51:15', 104654),
(13, -38.1, '2022-09-22 14:52:15', 104651),
(14, -34.8, '2022-09-22 14:52:15', 104652),
(15, -34.9, '2022-09-22 14:52:15', 104653),
(16, 5.3, '2022-09-22 14:52:15', 104654),
(17, -38.3, '2022-09-22 14:53:15', 104651),
(18, -34.9, '2022-09-22 14:53:15', 104652),
(19, -34.8, '2022-09-22 14:53:15', 104653),
(20, 5.5, '2022-09-22 14:53:15', 104654),
(21, -38.5, '2022-09-22 14:54:15', 104651),
(22, -35, '2022-09-22 14:54:15', 104652),
(23, -35, '2022-09-22 14:54:15', 104653),
(24, 5.4, '2022-09-22 14:54:15', 104654),
(25, -38.5, '2022-09-22 14:55:15', 104651),
(26, -34.7, '2022-09-22 14:55:15', 104652),
(27, -35, '2022-09-22 14:55:15', 104653),
(28, 5.3, '2022-09-22 14:55:15', 104654),
(29, -38.7, '2022-09-22 14:56:15', 104651),
(30, -33.5, '2022-09-22 14:56:15', 104652),
(31, -34.9, '2022-09-22 14:56:15', 104653),
(32, 5, '2022-09-22 14:56:15', 104654),
(33, -38.7, '2022-09-22 14:57:15', 104651),
(34, -33.2, '2022-09-22 14:57:15', 104652),
(35, -34.8, '2022-09-22 14:57:15', 104653),
(36, 4.9, '2022-09-22 14:57:15', 104654),
(37, -38.9, '2022-09-22 14:58:15', 104651),
(38, -33.6, '2022-09-22 14:58:15', 104652),
(39, -34.9, '2022-09-22 14:58:15', 104653),
(40, 4.8, '2022-09-22 14:58:15', 104654),
(41, -38.7, '2022-09-22 14:59:15', 104651),
(42, -34, '2022-09-22 14:59:15', 104652),
(43, -34.9, '2022-09-22 14:59:15', 104653),
(44, 4.2, '2022-09-22 14:59:15', 104654),
(45, -38.4, '2022-09-22 15:00:15', 104651),
(46, -34.3, '2022-09-22 15:00:15', 104652),
(47, -34.9, '2022-09-22 15:00:15', 104653),
(48, 4.4, '2022-09-22 15:00:15', 104654),
(49, -38.6, '2022-09-22 15:01:15', 104651),
(50, -35, '2022-09-22 15:01:15', 104652),
(51, -35.2, '2022-09-22 15:01:15', 104653),
(52, 4.3, '2022-09-22 15:01:15', 104654),
(53, -38.7, '2022-09-22 15:02:15', 104651),
(54, -35.4, '2022-09-22 15:02:15', 104652),
(55, -35.4, '2022-09-22 15:02:15', 104653),
(56, 4.3, '2022-09-22 15:02:15', 104654),
(57, -38.7, '2022-09-22 15:03:15', 104651),
(58, -35.7, '2022-09-22 15:03:15', 104652),
(59, -35.4, '2022-09-22 15:03:15', 104653),
(60, 4.3, '2022-09-22 15:03:15', 104654),
(61, -38.6, '2022-09-22 15:04:15', 104651),
(62, -35.8, '2022-09-22 15:04:15', 104652),
(63, -35.7, '2022-09-22 15:04:15', 104653),
(64, 4.2, '2022-09-22 15:04:15', 104654),
(65, -38.7, '2022-09-22 15:05:15', 104651),
(66, -35.9, '2022-09-22 15:05:15', 104652),
(67, -35.8, '2022-09-22 15:05:15', 104653),
(68, 4.2, '2022-09-22 15:05:15', 104654),
(69, -38.6, '2022-09-22 15:06:15', 104651),
(70, -35.8, '2022-09-22 15:06:15', 104652),
(71, -36, '2022-09-22 15:06:15', 104653),
(72, 4, '2022-09-22 15:06:15', 104654),
(73, -36.7, '2022-09-22 15:07:15', 104651),
(74, -36, '2022-09-22 15:07:15', 104652),
(75, -35.9, '2022-09-22 15:07:15', 104653),
(76, 4.4, '2022-09-22 15:07:15', 104654),
(77, -35.7, '2022-09-22 15:08:15', 104651),
(78, -36.1, '2022-09-22 15:08:15', 104652),
(79, -35.8, '2022-09-22 15:08:15', 104653),
(80, 4.4, '2022-09-22 15:08:15', 104654),
(81, -37.1, '2022-09-22 15:09:15', 104651),
(82, -36, '2022-09-22 15:09:15', 104652),
(83, -35.7, '2022-09-22 15:09:15', 104653),
(84, 4.6, '2022-09-22 15:09:15', 104654),
(85, -38, '2022-09-22 15:10:15', 104651),
(86, -35.7, '2022-09-22 15:10:15', 104652),
(87, -35.6, '2022-09-22 15:10:15', 104653),
(88, 4.8, '2022-09-22 15:10:15', 104654),
(89, -38.7, '2022-09-22 15:11:15', 104651),
(90, -35.6, '2022-09-22 15:11:15', 104652),
(91, -35.5, '2022-09-22 15:11:15', 104653),
(92, 4.9, '2022-09-22 15:11:15', 104654),
(93, -39, '2022-09-22 15:12:15', 104651),
(94, -35.1, '2022-09-22 15:12:15', 104652),
(95, -35.6, '2022-09-22 15:12:15', 104653),
(96, 4.8, '2022-09-22 15:12:15', 104654),
(97, -39.3, '2022-09-22 15:13:15', 104651),
(98, -35.3, '2022-09-22 15:13:15', 104652),
(99, -35.7, '2022-09-22 15:13:15', 104653),
(100, 5.4, '2022-09-22 15:13:15', 104654),
(101, -39.1, '2022-09-22 15:14:15', 104651),
(102, -35.5, '2022-09-22 15:14:15', 104652),
(103, -36, '2022-09-22 15:14:15', 104653),
(104, 5.3, '2022-09-22 15:14:15', 104654),
(105, -36.4, '2022-09-22 15:15:15', 104651),
(106, -36.1, '2022-09-22 15:15:15', 104652),
(107, -36.2, '2022-09-22 15:15:15', 104653),
(108, 5.1, '2022-09-22 15:15:15', 104654),
(109, -35.4, '2022-09-22 15:16:15', 104651),
(110, -36.2, '2022-09-22 15:16:15', 104652),
(111, -36.2, '2022-09-22 15:16:15', 104653),
(112, 5.6, '2022-09-22 15:16:15', 104654),
(113, -36.6, '2022-09-22 15:17:15', 104651),
(114, -36.4, '2022-09-22 15:17:15', 104652),
(115, -36.3, '2022-09-22 15:17:15', 104653),
(116, 7.3, '2022-09-22 15:17:15', 104654),
(117, -36.9, '2022-09-22 15:18:15', 104651),
(118, -36.6, '2022-09-22 15:18:15', 104652),
(119, -36.2, '2022-09-22 15:18:15', 104653),
(120, 8.6, '2022-09-22 15:18:15', 104654),
(121, -37.2, '2022-09-22 15:19:15', 104651),
(122, -36.7, '2022-09-22 15:19:15', 104652),
(123, -36.2, '2022-09-22 15:19:15', 104653),
(124, 9.2, '2022-09-22 15:19:15', 104654),
(125, -37.9, '2022-09-22 15:20:15', 104651),
(126, -36.6, '2022-09-22 15:20:15', 104652),
(127, -36.3, '2022-09-22 15:20:15', 104653),
(128, 9.4, '2022-09-22 15:20:15', 104654),
(129, -38.4, '2022-09-22 15:21:15', 104651),
(130, -36.5, '2022-09-22 15:21:15', 104652),
(131, -36.3, '2022-09-22 15:21:15', 104653),
(132, 10, '2022-09-22 15:21:15', 104654),
(133, -39.2, '2022-09-22 15:22:15', 104651),
(134, -36.7, '2022-09-22 15:22:15', 104652),
(135, -36.5, '2022-09-22 15:22:15', 104653),
(136, 10.3, '2022-09-22 15:22:15', 104654),
(137, -39.7, '2022-09-22 15:23:15', 104651),
(138, -36.7, '2022-09-22 15:23:15', 104652),
(139, -36.7, '2022-09-22 15:23:15', 104653),
(140, 10.7, '2022-09-22 15:23:15', 104654),
(141, -40.1, '2022-09-22 15:24:15', 104651),
(142, -35.8, '2022-09-22 15:24:15', 104652),
(143, -36.8, '2022-09-22 15:24:15', 104653),
(144, 10.7, '2022-09-22 15:24:15', 104654),
(145, -40, '2022-09-22 15:25:15', 104651),
(146, -33.9, '2022-09-22 15:25:15', 104652),
(147, -36.4, '2022-09-22 15:25:15', 104653),
(148, 10.7, '2022-09-22 15:25:15', 104654),
(149, -39.1, '2022-09-22 15:26:15', 104651),
(150, -33, '2022-09-22 15:26:15', 104652),
(151, -36.1, '2022-09-22 15:26:15', 104653),
(152, 10.3, '2022-09-22 15:26:15', 104654),
(153, -38.6, '2022-09-22 15:27:15', 104651),
(154, -32.5, '2022-09-22 15:27:15', 104652),
(155, -35.9, '2022-09-22 15:27:15', 104653),
(156, 9.7, '2022-09-22 15:27:15', 104654),
(157, -39.2, '2022-09-22 15:28:15', 104651),
(158, -32.6, '2022-09-22 15:28:15', 104652),
(159, -35, '2022-09-22 15:28:15', 104653),
(160, 9.5, '2022-09-22 15:28:15', 104654),
(161, -38.9, '2022-09-22 15:29:15', 104651),
(162, -32, '2022-09-22 15:29:15', 104652),
(163, -34.3, '2022-09-22 15:29:15', 104653),
(164, 9, '2022-09-22 15:29:15', 104654),
(165, -38.4, '2022-09-22 15:30:15', 104651),
(166, -32.4, '2022-09-22 15:30:15', 104652),
(167, -34.1, '2022-09-22 15:30:15', 104653),
(168, 8.5, '2022-09-22 15:30:15', 104654),
(169, -37.2, '2022-09-22 15:31:15', 104651),
(170, -33.5, '2022-09-22 15:31:15', 104652),
(171, -33.9, '2022-09-22 15:31:15', 104653),
(172, 8.2, '2022-09-22 15:31:15', 104654),
(173, -38.1, '2022-09-22 15:32:16', 104651),
(174, -34.6, '2022-09-22 15:32:16', 104652),
(175, -34.1, '2022-09-22 15:32:16', 104653),
(176, 8, '2022-09-22 15:32:16', 104654),
(177, -38.7, '2022-09-22 15:33:16', 104651),
(178, -35.3, '2022-09-22 15:33:16', 104652),
(179, -34.4, '2022-09-22 15:33:16', 104653),
(180, 8.4, '2022-09-22 15:33:16', 104654),
(181, -39, '2022-09-22 15:34:16', 104651),
(182, -35.8, '2022-09-22 15:34:16', 104652),
(183, -34.7, '2022-09-22 15:34:16', 104653),
(184, 8.4, '2022-09-22 15:34:16', 104654),
(185, -38.5, '2022-09-22 15:35:16', 104651),
(186, -36, '2022-09-22 15:35:16', 104652),
(187, -35.1, '2022-09-22 15:35:16', 104653),
(188, 8.2, '2022-09-22 15:35:16', 104654),
(189, -36.2, '2022-09-22 15:36:16', 104651),
(190, -36.2, '2022-09-22 15:36:16', 104652),
(191, -35.3, '2022-09-22 15:36:16', 104653),
(192, 8, '2022-09-22 15:36:16', 104654),
(193, -37.8, '2022-09-22 15:37:16', 104651),
(194, -36.7, '2022-09-22 15:37:16', 104652),
(195, -35.2, '2022-09-22 15:37:16', 104653),
(196, 7.9, '2022-09-22 15:37:16', 104654),
(197, -38.8, '2022-09-22 15:38:16', 104651),
(198, -36.6, '2022-09-22 15:38:16', 104652),
(199, -35.3, '2022-09-22 15:38:16', 104653),
(200, 7.5, '2022-09-22 15:38:16', 104654),
(201, -39.4, '2022-09-22 15:39:16', 104651),
(202, -36.6, '2022-09-22 15:39:16', 104652),
(203, -35.3, '2022-09-22 15:39:16', 104653),
(204, 7.5, '2022-09-22 15:39:16', 104654),
(205, -39.7, '2022-09-22 15:40:16', 104651),
(206, -36.7, '2022-09-22 15:40:16', 104652),
(207, -35.4, '2022-09-22 15:40:16', 104653),
(208, 7.4, '2022-09-22 15:40:16', 104654),
(209, -39.5, '2022-09-22 15:41:16', 104651),
(210, -36.7, '2022-09-22 15:41:16', 104652),
(211, -35.5, '2022-09-22 15:41:16', 104653),
(212, 7.3, '2022-09-22 15:41:16', 104654),
(213, -39.1, '2022-09-22 16:13:25', 104651),
(214, -38, '2022-09-22 16:13:25', 104652),
(215, -37.2, '2022-09-22 16:13:25', 104653),
(216, 7.1, '2022-09-22 16:13:25', 104654),
(217, -38.4, '2022-09-22 16:14:26', 104651),
(218, -38, '2022-09-22 16:14:26', 104652),
(219, -37.3, '2022-09-22 16:14:26', 104653),
(220, 6.9, '2022-09-22 16:14:26', 104654),
(221, -38.9, '2022-09-22 16:15:26', 104651),
(222, -38.4, '2022-09-22 16:15:26', 104652),
(223, -37.4, '2022-09-22 16:15:26', 104653),
(224, 6.9, '2022-09-22 16:15:26', 104654),
(225, -39, '2022-09-22 16:15:42', 104651),
(226, -38.5, '2022-09-22 16:15:42', 104652),
(227, -37.5, '2022-09-22 16:15:42', 104653),
(228, 6.8, '2022-09-22 16:15:42', 104654),
(229, -36.3, '2022-09-22 17:29:27', 104651),
(230, -37.4, '2022-09-22 17:29:27', 104652),
(231, -37.4, '2022-09-22 17:29:27', 104653),
(232, 13.4, '2022-09-22 17:29:27', 104654),
(233, -36.7, '2022-09-22 17:30:27', 104651),
(234, -38.1, '2022-09-22 17:30:27', 104652),
(235, -37.3, '2022-09-22 17:30:27', 104653),
(236, 13.4, '2022-09-22 17:30:27', 104654),
(237, -36.9, '2022-09-22 17:31:27', 104651),
(238, -38.4, '2022-09-22 17:31:27', 104652),
(239, -37.6, '2022-09-22 17:31:27', 104653),
(240, 13.3, '2022-09-22 17:31:27', 104654),
(241, -36.6, '2022-09-22 17:32:27', 104651),
(242, -38.1, '2022-09-22 17:32:27', 104652),
(243, -38.1, '2022-09-22 17:32:27', 104653),
(244, 13.4, '2022-09-22 17:32:27', 104654),
(245, -37, '2022-09-22 17:33:27', 104651),
(246, -38.3, '2022-09-22 17:33:27', 104652),
(247, -38.6, '2022-09-22 17:33:27', 104653),
(248, 13.5, '2022-09-22 17:33:27', 104654),
(249, -37.3, '2022-09-22 17:34:27', 104651),
(250, -38.5, '2022-09-22 17:34:27', 104652),
(251, -39.3, '2022-09-22 17:34:27', 104653),
(252, 13.2, '2022-09-22 17:34:27', 104654),
(253, -36.7, '2022-09-22 17:35:27', 104651),
(254, -37.6, '2022-09-22 17:35:27', 104652),
(255, -38.5, '2022-09-22 17:35:27', 104653),
(256, 13, '2022-09-22 17:35:27', 104654),
(257, -35.7, '2022-09-22 17:36:27', 104651),
(258, -36.2, '2022-09-22 17:36:27', 104652),
(259, -37.3, '2022-09-22 17:36:27', 104653),
(260, 13.1, '2022-09-22 17:36:27', 104654),
(261, -35.2, '2022-09-22 17:37:27', 104651),
(262, -35.4, '2022-09-22 17:37:27', 104652),
(263, -36.5, '2022-09-22 17:37:27', 104653),
(264, 13, '2022-09-22 17:37:27', 104654),
(265, -33.5, '2022-09-22 17:38:27', 104651),
(266, -32, '2022-09-22 17:38:27', 104652),
(267, -30.8, '2022-09-22 17:38:27', 104653),
(268, 13.1, '2022-09-22 17:38:27', 104654),
(269, -31.8, '2022-09-22 17:39:27', 104651),
(270, -28, '2022-09-22 17:39:27', 104652),
(271, -27.1, '2022-09-22 17:39:27', 104653),
(272, 13.1, '2022-09-22 17:39:27', 104654),
(273, -32.1, '2022-09-22 17:40:27', 104651),
(274, -27.4, '2022-09-22 17:40:27', 104652),
(275, -27.2, '2022-09-22 17:40:27', 104653),
(276, 13.1, '2022-09-22 17:40:27', 104654),
(277, -32.2, '2022-09-22 17:41:27', 104651),
(278, -21.1, '2022-09-22 17:41:27', 104652),
(279, -24.4, '2022-09-22 17:41:27', 104653),
(280, 13.1, '2022-09-22 17:41:27', 104654),
(281, -30.3, '2022-09-22 17:42:27', 104651),
(282, -17.7, '2022-09-22 17:42:27', 104652),
(283, -21.2, '2022-09-22 17:42:27', 104653),
(284, 13, '2022-09-22 17:42:27', 104654),
(285, -30.4, '2022-09-22 17:43:27', 104651),
(286, -19.1, '2022-09-22 17:43:27', 104652),
(287, -22.7, '2022-09-22 17:43:27', 104653),
(288, 13, '2022-09-22 17:43:27', 104654),
(289, -29.9, '2022-09-22 17:44:27', 104651),
(290, -20.3, '2022-09-22 17:44:27', 104652),
(291, -23.4, '2022-09-22 17:44:27', 104653),
(292, 12.7, '2022-09-22 17:44:27', 104654),
(293, -30.6, '2022-09-22 17:45:27', 104651),
(294, -21.8, '2022-09-22 17:45:27', 104652),
(295, -24.6, '2022-09-22 17:45:27', 104653),
(296, 12.8, '2022-09-22 17:45:27', 104654),
(297, -30.9, '2022-09-22 17:46:28', 104651),
(298, -23, '2022-09-22 17:46:28', 104652),
(299, -26.2, '2022-09-22 17:46:28', 104653),
(300, 12.7, '2022-09-22 17:46:28', 104654),
(301, -30.7, '2022-09-22 17:47:28', 104651),
(302, -23.8, '2022-09-22 17:47:28', 104652),
(303, -27.2, '2022-09-22 17:47:28', 104653),
(304, 12.9, '2022-09-22 17:47:28', 104654),
(305, -30.3, '2022-09-22 17:48:28', 104651),
(306, -16.9, '2022-09-22 17:48:28', 104652),
(307, -21.8, '2022-09-22 17:48:28', 104653),
(308, 12.7, '2022-09-22 17:48:28', 104654),
(309, -29.5, '2022-09-22 17:49:28', 104651),
(310, -19.5, '2022-09-22 17:49:28', 104652),
(311, -25.3, '2022-09-22 17:49:28', 104653),
(312, 12.5, '2022-09-22 17:49:28', 104654),
(313, -28.9, '2022-09-22 17:50:28', 104651),
(314, -15.1, '2022-09-22 17:50:28', 104652),
(315, -20.6, '2022-09-22 17:50:28', 104653),
(316, 12.5, '2022-09-22 17:50:28', 104654),
(317, -27.1, '2022-09-22 17:51:28', 104651),
(318, -11.7, '2022-09-22 17:51:28', 104652),
(319, -17, '2022-09-22 17:51:28', 104653),
(320, 12.2, '2022-09-22 17:51:28', 104654),
(321, -25, '2022-09-22 17:52:28', 104651),
(322, -9.7, '2022-09-22 17:52:28', 104652),
(323, -14.9, '2022-09-22 17:52:28', 104653),
(324, 12.1, '2022-09-22 17:52:28', 104654),
(325, -23.4, '2022-09-22 17:53:28', 104651),
(326, -9.2, '2022-09-22 17:53:28', 104652),
(327, -13.8, '2022-09-22 17:53:28', 104653),
(328, 12.2, '2022-09-22 17:53:28', 104654),
(329, -20.6, '2022-09-22 17:54:28', 104651),
(330, -8.8, '2022-09-22 17:54:28', 104652),
(331, -12.9, '2022-09-22 17:54:28', 104653),
(332, 11.9, '2022-09-22 17:54:28', 104654),
(333, -19.1, '2022-09-22 17:55:28', 104651),
(334, -9.2, '2022-09-22 17:55:28', 104652),
(335, -13.6, '2022-09-22 17:55:28', 104653),
(336, 11.9, '2022-09-22 17:55:28', 104654),
(337, -19.3, '2022-09-22 17:56:28', 104651),
(338, -11.1, '2022-09-22 17:56:28', 104652),
(339, -16.8, '2022-09-22 17:56:28', 104653),
(340, 12, '2022-09-22 17:56:28', 104654),
(341, -19.8, '2022-09-22 17:57:28', 104651),
(342, -13, '2022-09-22 17:57:28', 104652),
(343, -17.7, '2022-09-22 17:57:28', 104653),
(344, 12.2, '2022-09-22 17:57:28', 104654),
(345, -19.2, '2022-09-22 17:58:28', 104651),
(346, -10, '2022-09-22 17:58:28', 104652),
(347, -14.5, '2022-09-22 17:58:28', 104653),
(348, 12.4, '2022-09-22 17:58:28', 104654),
(349, -18.5, '2022-09-22 17:59:28', 104651),
(350, -8.6, '2022-09-22 17:59:28', 104652),
(351, -12.5, '2022-09-22 17:59:28', 104653),
(352, 12.1, '2022-09-22 17:59:28', 104654),
(353, -17.9, '2022-09-22 18:00:28', 104651),
(354, -8.2, '2022-09-22 18:00:28', 104652),
(355, -11.7, '2022-09-22 18:00:28', 104653),
(356, 12.2, '2022-09-22 18:00:28', 104654),
(357, -17.3, '2022-09-22 18:01:28', 104651),
(358, -7.9, '2022-09-22 18:01:28', 104652),
(359, -10.5, '2022-09-22 18:01:28', 104653),
(360, 12.3, '2022-09-22 18:01:28', 104654),
(361, -16.2, '2022-09-22 18:02:28', 104651),
(362, -5, '2022-09-22 18:02:28', 104652),
(363, -8.9, '2022-09-22 18:02:28', 104653),
(364, 12.6, '2022-09-22 18:02:28', 104654),
(365, -15.4, '2022-09-22 18:03:28', 104651),
(366, -4.3, '2022-09-22 18:03:28', 104652),
(367, -8.3, '2022-09-22 18:03:28', 104653),
(368, 12.7, '2022-09-22 18:03:28', 104654),
(369, -15.2, '2022-09-22 18:04:28', 104651),
(370, -3.8, '2022-09-22 18:04:28', 104652),
(371, -7.9, '2022-09-22 18:04:28', 104653),
(372, 12.6, '2022-09-22 18:04:28', 104654),
(373, -15, '2022-09-22 18:05:28', 104651),
(374, -4, '2022-09-22 18:05:28', 104652),
(375, -8.2, '2022-09-22 18:05:28', 104653),
(376, 12.3, '2022-09-22 18:05:28', 104654),
(377, -15.2, '2022-09-22 18:06:28', 104651),
(378, -4.7, '2022-09-22 18:06:28', 104652),
(379, -8.6, '2022-09-22 18:06:28', 104653),
(380, 11.9, '2022-09-22 18:06:28', 104654),
(381, -15.2, '2022-09-22 18:07:28', 104651),
(382, -4.8, '2022-09-22 18:07:28', 104652),
(383, -8.6, '2022-09-22 18:07:28', 104653),
(384, 11.8, '2022-09-22 18:07:28', 104654),
(385, -15, '2022-09-22 18:08:28', 104651),
(386, -3.8, '2022-09-22 18:08:28', 104652),
(387, -8.2, '2022-09-22 18:08:28', 104653),
(388, 12, '2022-09-22 18:08:28', 104654),
(389, -13.8, '2022-09-22 18:09:28', 104651),
(390, -1.7, '2022-09-22 18:09:28', 104652),
(391, -6.4, '2022-09-22 18:09:28', 104653),
(392, 12.5, '2022-09-22 18:09:28', 104654),
(393, -12.9, '2022-09-22 18:10:28', 104651),
(394, -2.1, '2022-09-22 18:10:28', 104652),
(395, -6.1, '2022-09-22 18:10:28', 104653),
(396, 12.5, '2022-09-22 18:10:28', 104654),
(397, -12.9, '2022-09-22 18:11:28', 104651),
(398, -3.2, '2022-09-22 18:11:28', 104652),
(399, -7, '2022-09-22 18:11:28', 104653),
(400, 12.3, '2022-09-22 18:11:28', 104654),
(401, -13.6, '2022-09-22 18:12:28', 104651),
(402, -4.2, '2022-09-22 18:12:28', 104652),
(403, -7.7, '2022-09-22 18:12:28', 104653),
(404, 12.1, '2022-09-22 18:12:28', 104654),
(405, -13.9, '2022-09-22 18:13:28', 104651),
(406, -4.6, '2022-09-22 18:13:28', 104652),
(407, -8, '2022-09-22 18:13:28', 104653),
(408, 11.9, '2022-09-22 18:13:28', 104654),
(409, -13.9, '2022-09-22 18:14:28', 104651),
(410, -3.9, '2022-09-22 18:14:28', 104652),
(411, -8.1, '2022-09-22 18:14:28', 104653),
(412, 11.9, '2022-09-22 18:14:28', 104654),
(413, -13.4, '2022-09-22 18:15:28', 104651),
(414, -1.4, '2022-09-22 18:15:28', 104652),
(415, -5.8, '2022-09-22 18:15:28', 104653),
(416, 12.4, '2022-09-22 18:15:28', 104654),
(417, -12.4, '2022-09-22 18:16:28', 104651),
(418, -1.6, '2022-09-22 18:16:28', 104652),
(419, -5.6, '2022-09-22 18:16:28', 104653),
(420, 12.4, '2022-09-22 18:16:28', 104654),
(421, -12.5, '2022-09-22 18:17:28', 104651),
(422, -2.9, '2022-09-22 18:17:28', 104652),
(423, -6, '2022-09-22 18:17:28', 104653),
(424, 12.4, '2022-09-22 18:17:28', 104654),
(425, -12.4, '2022-09-22 18:18:28', 104651),
(426, -3.5, '2022-09-22 18:18:28', 104652),
(427, -6.8, '2022-09-22 18:18:28', 104653),
(428, 12.1, '2022-09-22 18:18:28', 104654),
(429, -12.2, '2022-09-22 18:19:28', 104651),
(430, -3.9, '2022-09-22 18:19:28', 104652),
(431, -7.3, '2022-09-22 18:19:28', 104653),
(432, 11.8, '2022-09-22 18:19:28', 104654),
(433, -11.9, '2022-09-22 18:20:28', 104651),
(434, -4.3, '2022-09-22 18:20:28', 104652),
(435, -8.4, '2022-09-22 18:20:28', 104653),
(436, 11.6, '2022-09-22 18:20:28', 104654),
(437, -11.7, '2022-09-22 18:21:28', 104651),
(438, -4.5, '2022-09-22 18:21:28', 104652),
(439, -8.4, '2022-09-22 18:21:28', 104653),
(440, 11.5, '2022-09-22 18:21:28', 104654),
(441, -11.4, '2022-09-22 18:22:28', 104651),
(442, -4.4, '2022-09-22 18:22:28', 104652),
(443, -8.4, '2022-09-22 18:22:28', 104653),
(444, 11.4, '2022-09-22 18:22:28', 104654),
(445, -11.2, '2022-09-22 18:23:28', 104651),
(446, -4.5, '2022-09-22 18:23:28', 104652),
(447, -8.7, '2022-09-22 18:23:28', 104653),
(448, 11.3, '2022-09-22 18:23:28', 104654),
(449, -11.1, '2022-09-22 18:24:28', 104651),
(450, -4.1, '2022-09-22 18:24:28', 104652),
(451, -9, '2022-09-22 18:24:28', 104653),
(452, 11.4, '2022-09-22 18:24:28', 104654),
(453, -10.9, '2022-09-22 18:25:28', 104651),
(454, -2.5, '2022-09-22 18:25:28', 104652),
(455, -7.3, '2022-09-22 18:25:28', 104653),
(456, 11.5, '2022-09-22 18:25:28', 104654),
(457, -10.6, '2022-09-22 18:26:28', 104651),
(458, -0.5, '2022-09-22 18:26:28', 104652),
(459, -5.7, '2022-09-22 18:26:28', 104653),
(460, 12.1, '2022-09-22 18:26:28', 104654),
(461, -10.4, '2022-09-22 18:27:28', 104651),
(462, -0.3, '2022-09-22 18:27:28', 104652),
(463, -4.6, '2022-09-22 18:27:28', 104653),
(464, 12.1, '2022-09-22 18:27:28', 104654),
(465, -9.9, '2022-09-22 18:28:28', 104651),
(466, -0.3, '2022-09-22 18:28:28', 104652),
(467, -4.8, '2022-09-22 18:28:28', 104653),
(468, 12.1, '2022-09-22 18:28:28', 104654),
(469, -9.8, '2022-09-22 18:29:28', 104651),
(470, -1, '2022-09-22 18:29:28', 104652),
(471, -5.1, '2022-09-22 18:29:28', 104653),
(472, 12.8, '2022-09-22 18:29:28', 104654),
(473, -9.8, '2022-09-22 18:30:28', 104651),
(474, -2.2, '2022-09-22 18:30:28', 104652),
(475, -5.4, '2022-09-22 18:30:28', 104653),
(476, 12.7, '2022-09-22 18:30:28', 104654),
(477, -9.7, '2022-09-22 18:31:28', 104651),
(478, -3.5, '2022-09-22 18:31:28', 104652),
(479, -5.5, '2022-09-22 18:31:28', 104653),
(480, 12.7, '2022-09-22 18:31:28', 104654),
(481, -9.4, '2022-09-22 18:32:28', 104651),
(482, -4.2, '2022-09-22 18:32:28', 104652),
(483, -5.8, '2022-09-22 18:32:28', 104653),
(484, 12.5, '2022-09-22 18:32:28', 104654),
(485, -9, '2022-09-22 18:33:28', 104651),
(486, -4.6, '2022-09-22 18:33:28', 104652),
(487, -5.8, '2022-09-22 18:33:28', 104653),
(488, 12.3, '2022-09-22 18:33:28', 104654),
(489, -8.9, '2022-09-22 18:34:28', 104651),
(490, -4.7, '2022-09-22 18:34:28', 104652),
(491, -5.9, '2022-09-22 18:34:28', 104653),
(492, 12.2, '2022-09-22 18:34:28', 104654),
(493, -8.8, '2022-09-22 18:35:28', 104651),
(494, -4.8, '2022-09-22 18:35:28', 104652),
(495, -5.9, '2022-09-22 18:35:28', 104653),
(496, 12.1, '2022-09-22 18:35:28', 104654),
(497, -8.8, '2022-09-22 18:36:28', 104651),
(498, -4.9, '2022-09-22 18:36:28', 104652),
(499, -6, '2022-09-22 18:36:28', 104653),
(500, 12.3, '2022-09-22 18:36:28', 104654),
(501, -8.7, '2022-09-22 18:37:28', 104651),
(502, -2.5, '2022-09-22 18:37:28', 104652),
(503, -5.5, '2022-09-22 18:37:28', 104653),
(504, 12.4, '2022-09-22 18:37:28', 104654),
(505, -8.5, '2022-09-22 18:38:28', 104651),
(506, -1.3, '2022-09-22 18:38:28', 104652),
(507, -5.1, '2022-09-22 18:38:28', 104653),
(508, 12.2, '2022-09-22 18:38:28', 104654),
(509, -8.4, '2022-09-22 18:39:28', 104651),
(510, -0.4, '2022-09-22 18:39:28', 104652),
(511, -5.2, '2022-09-22 18:39:28', 104653),
(512, 12.1, '2022-09-22 18:39:28', 104654),
(513, -8.3, '2022-09-22 18:40:28', 104651),
(514, 0, '2022-09-22 18:40:28', 104652),
(515, -4.5, '2022-09-22 18:40:28', 104653),
(516, 12, '2022-09-22 18:40:28', 104654),
(517, -8.2, '2022-09-22 18:41:28', 104651),
(518, 0.3, '2022-09-22 18:41:28', 104652),
(519, -4.3, '2022-09-22 18:41:28', 104653),
(520, 12.4, '2022-09-22 18:41:28', 104654),
(521, -8, '2022-09-22 18:42:28', 104651),
(522, 1.3, '2022-09-22 18:42:28', 104652),
(523, -3.3, '2022-09-22 18:42:28', 104653),
(524, 12.2, '2022-09-22 18:42:28', 104654),
(525, -8, '2022-09-22 18:43:28', 104651),
(526, 0.8, '2022-09-22 18:43:28', 104652),
(527, -3.3, '2022-09-22 18:43:28', 104653),
(528, 12.1, '2022-09-22 18:43:28', 104654),
(529, -8.1, '2022-09-22 18:44:28', 104651),
(530, 1.1, '2022-09-22 18:44:28', 104652),
(531, -2.8, '2022-09-22 18:44:28', 104653),
(532, 12.7, '2022-09-22 18:44:28', 104654),
(533, -7.6, '2022-09-22 18:45:28', 104651),
(534, 1.8, '2022-09-22 18:45:28', 104652),
(535, -2.3, '2022-09-22 18:45:28', 104653),
(536, 12.9, '2022-09-22 18:45:28', 104654),
(537, -7.3, '2022-09-22 18:46:28', 104651),
(538, 2.6, '2022-09-22 18:46:28', 104652),
(539, -1.2, '2022-09-22 18:46:28', 104653),
(540, 13.1, '2022-09-22 18:46:28', 104654),
(541, -7.8, '2022-09-22 18:47:28', 104651),
(542, -0.4, '2022-09-22 18:47:28', 104652),
(543, -3.2, '2022-09-22 18:47:28', 104653),
(544, 13.6, '2022-09-22 18:47:28', 104654),
(545, -12.3, '2022-09-22 18:48:29', 104651),
(546, -8.1, '2022-09-22 18:48:29', 104652),
(547, -8.2, '2022-09-22 18:48:29', 104653),
(548, 13.4, '2022-09-22 18:48:29', 104654),
(549, -14.6, '2022-09-22 18:49:29', 104651),
(550, -12, '2022-09-22 18:49:29', 104652),
(551, -10.6, '2022-09-22 18:49:29', 104653),
(552, 13.3, '2022-09-22 18:49:29', 104654),
(553, -16.1, '2022-09-22 18:50:29', 104651),
(554, -15, '2022-09-22 18:50:29', 104652),
(555, -12, '2022-09-22 18:50:29', 104653),
(556, 13, '2022-09-22 18:50:29', 104654),
(557, -17.2, '2022-09-22 18:51:29', 104651),
(558, -17.2, '2022-09-22 18:51:29', 104652),
(559, -13.3, '2022-09-22 18:51:29', 104653),
(560, 12.8, '2022-09-22 18:51:29', 104654),
(561, -17.9, '2022-09-22 18:52:29', 104651),
(562, -18.6, '2022-09-22 18:52:29', 104652),
(563, -14.5, '2022-09-22 18:52:29', 104653),
(564, 12.8, '2022-09-22 18:52:29', 104654),
(565, -18.5, '2022-09-22 18:53:29', 104651),
(566, -19.6, '2022-09-22 18:53:29', 104652),
(567, -15.7, '2022-09-22 18:53:29', 104653),
(568, 12.6, '2022-09-22 18:53:29', 104654),
(569, -19.1, '2022-09-22 18:54:29', 104651),
(570, -20.2, '2022-09-22 18:54:29', 104652),
(571, -16.7, '2022-09-22 18:54:29', 104653),
(572, 12.4, '2022-09-22 18:54:29', 104654),
(573, -19.1, '2022-09-22 18:55:29', 104651),
(574, -19.5, '2022-09-22 18:55:29', 104652),
(575, -16.8, '2022-09-22 18:55:29', 104653),
(576, 12.4, '2022-09-22 18:55:29', 104654),
(577, -17.5, '2022-09-22 18:56:29', 104651),
(578, -13.8, '2022-09-22 18:56:29', 104652),
(579, -15.2, '2022-09-22 18:56:29', 104653),
(580, 12.5, '2022-09-22 18:56:29', 104654),
(581, -16.1, '2022-09-22 18:57:29', 104651),
(582, -8.7, '2022-09-22 18:57:29', 104652),
(583, -11.8, '2022-09-22 18:57:29', 104653),
(584, 12.6, '2022-09-22 18:57:29', 104654),
(585, -14.8, '2022-09-22 18:58:29', 104651),
(586, -7.6, '2022-09-22 18:58:29', 104652),
(587, -10.9, '2022-09-22 18:58:29', 104653),
(588, 12.7, '2022-09-22 18:58:29', 104654),
(589, -14.5, '2022-09-22 18:59:29', 104651),
(590, -5.8, '2022-09-22 18:59:29', 104652),
(591, -9.5, '2022-09-22 18:59:29', 104653),
(592, 12.7, '2022-09-22 18:59:29', 104654),
(593, -13.9, '2022-09-22 19:00:29', 104651),
(594, -6.6, '2022-09-22 19:00:29', 104652),
(595, -9.4, '2022-09-22 19:00:29', 104653),
(596, 12.5, '2022-09-22 19:00:29', 104654),
(597, -15.8, '2022-09-22 19:01:29', 104651),
(598, -12.9, '2022-09-22 19:01:29', 104652),
(599, -13.5, '2022-09-22 19:01:29', 104653),
(600, 12.4, '2022-09-22 19:01:29', 104654),
(601, -17.6, '2022-09-22 19:02:29', 104651),
(602, -15.5, '2022-09-22 19:02:29', 104652),
(603, -15, '2022-09-22 19:02:29', 104653),
(604, 12.3, '2022-09-22 19:02:29', 104654),
(605, -18.6, '2022-09-22 19:03:29', 104651),
(606, -17.4, '2022-09-22 19:03:29', 104652),
(607, -16.3, '2022-09-22 19:03:29', 104653),
(608, 12.1, '2022-09-22 19:03:29', 104654),
(609, -19.1, '2022-09-22 19:04:29', 104651),
(610, -18.7, '2022-09-22 19:04:29', 104652),
(611, -17.2, '2022-09-22 19:04:29', 104653),
(612, 12.1, '2022-09-22 19:04:29', 104654),
(613, -19.9, '2022-09-22 19:05:29', 104651),
(614, -20.1, '2022-09-22 19:05:29', 104652),
(615, -17.6, '2022-09-22 19:05:29', 104653),
(616, 12, '2022-09-22 19:05:29', 104654),
(617, -20.2, '2022-09-22 19:06:29', 104651),
(618, -20.3, '2022-09-22 19:06:29', 104652),
(619, -18.2, '2022-09-22 19:06:29', 104653),
(620, 11.8, '2022-09-22 19:06:29', 104654),
(621, -20.5, '2022-09-22 19:07:29', 104651),
(622, -20.5, '2022-09-22 19:07:29', 104652),
(623, -18.6, '2022-09-22 19:07:29', 104653),
(624, 11.8, '2022-09-22 19:07:29', 104654),
(625, -20.9, '2022-09-22 19:08:29', 104651),
(626, -20.7, '2022-09-22 19:08:29', 104652),
(627, -19.3, '2022-09-22 19:08:29', 104653),
(628, 11.6, '2022-09-22 19:08:29', 104654),
(629, -21.2, '2022-09-22 19:09:29', 104651),
(630, -21, '2022-09-22 19:09:29', 104652),
(631, -19.4, '2022-09-22 19:09:29', 104653),
(632, 11.7, '2022-09-22 19:09:29', 104654),
(633, -21.4, '2022-09-22 19:10:29', 104651),
(634, -21.3, '2022-09-22 19:10:29', 104652),
(635, -19.8, '2022-09-22 19:10:29', 104653),
(636, 11.6, '2022-09-22 19:10:29', 104654),
(637, -21.7, '2022-09-22 19:11:29', 104651),
(638, -21.2, '2022-09-22 19:11:29', 104652),
(639, -20.1, '2022-09-22 19:11:29', 104653),
(640, 11.8, '2022-09-22 19:11:29', 104654),
(641, -21.9, '2022-09-22 19:12:29', 104651),
(642, -21.4, '2022-09-22 19:12:29', 104652),
(643, -20.3, '2022-09-22 19:12:29', 104653),
(644, 11.8, '2022-09-22 19:12:29', 104654),
(645, -22.3, '2022-09-22 19:13:29', 104651),
(646, -21.8, '2022-09-22 19:13:29', 104652),
(647, -20.5, '2022-09-22 19:13:29', 104653),
(648, 11.8, '2022-09-22 19:13:29', 104654),
(649, -22.4, '2022-09-22 19:14:29', 104651),
(650, -21.9, '2022-09-22 19:14:29', 104652),
(651, -20.7, '2022-09-22 19:14:29', 104653),
(652, 11.9, '2022-09-22 19:14:29', 104654),
(653, -22.7, '2022-09-22 19:15:29', 104651),
(654, -22, '2022-09-22 19:15:29', 104652),
(655, -21, '2022-09-22 19:15:29', 104653),
(656, 11.7, '2022-09-22 19:15:29', 104654),
(657, -23.1, '2022-09-22 19:16:29', 104651),
(658, -22.3, '2022-09-22 19:16:29', 104652),
(659, -21.2, '2022-09-22 19:16:29', 104653),
(660, 11.7, '2022-09-22 19:16:29', 104654),
(661, -23.2, '2022-09-22 19:17:29', 104651),
(662, -22.2, '2022-09-22 19:17:29', 104652),
(663, -21.4, '2022-09-22 19:17:29', 104653),
(664, 11.6, '2022-09-22 19:17:29', 104654),
(665, -23.4, '2022-09-22 19:18:29', 104651),
(666, -22.3, '2022-09-22 19:18:29', 104652),
(667, -21.4, '2022-09-22 19:18:29', 104653),
(668, 11.7, '2022-09-22 19:18:29', 104654),
(669, -23.5, '2022-09-22 19:19:29', 104651),
(670, -22.2, '2022-09-22 19:19:29', 104652),
(671, -21.5, '2022-09-22 19:19:29', 104653),
(672, 11.7, '2022-09-22 19:19:29', 104654),
(673, -24, '2022-09-22 19:20:29', 104651),
(674, -22.4, '2022-09-22 19:20:29', 104652),
(675, -21.8, '2022-09-22 19:20:29', 104653),
(676, 11.6, '2022-09-22 19:20:29', 104654),
(677, -24.1, '2022-09-22 19:21:29', 104651),
(678, -22.3, '2022-09-22 19:21:29', 104652),
(679, -21.9, '2022-09-22 19:21:29', 104653),
(680, 11.5, '2022-09-22 19:21:29', 104654),
(681, -24.5, '2022-09-22 19:22:29', 104651),
(682, -22.3, '2022-09-22 19:22:29', 104652),
(683, -21.7, '2022-09-22 19:22:29', 104653),
(684, 11.7, '2022-09-22 19:22:29', 104654),
(685, -24.5, '2022-09-22 19:23:29', 104651),
(686, -22.1, '2022-09-22 19:23:29', 104652),
(687, -21.9, '2022-09-22 19:23:29', 104653),
(688, 11.6, '2022-09-22 19:23:29', 104654),
(689, -24.8, '2022-09-22 19:24:29', 104651),
(690, -22.1, '2022-09-22 19:24:29', 104652),
(691, -21.9, '2022-09-22 19:24:29', 104653),
(692, 11.9, '2022-09-22 19:24:29', 104654),
(693, -25.3, '2022-09-22 19:25:29', 104651),
(694, -21.1, '2022-09-22 19:25:29', 104652),
(695, -22, '2022-09-22 19:25:29', 104653),
(696, 11.9, '2022-09-22 19:25:29', 104654),
(697, -25.5, '2022-09-22 19:26:29', 104651),
(698, -21.3, '2022-09-22 19:26:29', 104652),
(699, -22, '2022-09-22 19:26:29', 104653),
(700, 11.7, '2022-09-22 19:26:29', 104654),
(701, -25.6, '2022-09-22 19:27:29', 104651),
(702, -21.8, '2022-09-22 19:27:29', 104652),
(703, -22.1, '2022-09-22 19:27:29', 104653),
(704, 11.7, '2022-09-22 19:27:29', 104654),
(705, -25.9, '2022-09-22 19:28:29', 104651),
(706, -22.3, '2022-09-22 19:28:29', 104652),
(707, -22.2, '2022-09-22 19:28:29', 104653),
(708, 11.7, '2022-09-22 19:28:29', 104654),
(709, -26, '2022-09-22 19:29:29', 104651),
(710, -22.6, '2022-09-22 19:29:29', 104652),
(711, -22.3, '2022-09-22 19:29:29', 104653),
(712, 11.7, '2022-09-22 19:29:29', 104654),
(713, -26.2, '2022-09-22 19:30:29', 104651),
(714, -23, '2022-09-22 19:30:29', 104652),
(715, -22.5, '2022-09-22 19:30:29', 104653),
(716, 11.6, '2022-09-22 19:30:29', 104654),
(717, -26, '2022-09-22 19:31:29', 104651),
(718, -22.9, '2022-09-22 19:31:29', 104652),
(719, -22.6, '2022-09-22 19:31:29', 104653),
(720, 11.6, '2022-09-22 19:31:29', 104654),
(721, -26.5, '2022-09-22 19:32:29', 104651),
(722, -23.5, '2022-09-22 19:32:29', 104652),
(723, -22.5, '2022-09-22 19:32:29', 104653),
(724, 11.8, '2022-09-22 19:32:29', 104654),
(725, -26.7, '2022-09-22 19:33:29', 104651),
(726, -23.7, '2022-09-22 19:33:29', 104652),
(727, -22.8, '2022-09-22 19:33:29', 104653),
(728, 11.6, '2022-09-22 19:33:29', 104654),
(729, -26.7, '2022-09-22 19:34:29', 104651),
(730, -23.8, '2022-09-22 19:34:29', 104652),
(731, -22.9, '2022-09-22 19:34:29', 104653),
(732, 11.5, '2022-09-22 19:34:29', 104654),
(733, -26.9, '2022-09-22 19:35:29', 104651),
(734, -24.2, '2022-09-22 19:35:29', 104652),
(735, -23, '2022-09-22 19:35:29', 104653),
(736, 11.5, '2022-09-22 19:35:29', 104654),
(737, -26.9, '2022-09-22 19:36:29', 104651),
(738, -23.7, '2022-09-22 19:36:29', 104652),
(739, -23.2, '2022-09-22 19:36:29', 104653),
(740, 11.1, '2022-09-22 19:36:29', 104654),
(741, -27, '2022-09-22 19:37:29', 104651),
(742, -22.9, '2022-09-22 19:37:29', 104652),
(743, -23.3, '2022-09-22 19:37:29', 104653),
(744, 10.9, '2022-09-22 19:37:29', 104654),
(745, -27.2, '2022-09-22 19:38:29', 104651),
(746, -23, '2022-09-22 19:38:29', 104652),
(747, -23.3, '2022-09-22 19:38:29', 104653),
(748, 11.1, '2022-09-22 19:38:29', 104654),
(749, -27.4, '2022-09-22 19:39:29', 104651),
(750, -23.6, '2022-09-22 19:39:29', 104652),
(751, -23.5, '2022-09-22 19:39:29', 104653),
(752, 11.1, '2022-09-22 19:39:29', 104654),
(753, -27.5, '2022-09-22 19:40:29', 104651),
(754, -24, '2022-09-22 19:40:29', 104652),
(755, -23.6, '2022-09-22 19:40:29', 104653),
(756, 11, '2022-09-22 19:40:29', 104654),
(757, -27.7, '2022-09-22 19:41:29', 104651),
(758, -24.4, '2022-09-22 19:41:29', 104652),
(759, -23.9, '2022-09-22 19:41:29', 104653),
(760, 10.9, '2022-09-22 19:41:29', 104654),
(761, -27.8, '2022-09-22 19:42:29', 104651),
(762, -24.7, '2022-09-22 19:42:29', 104652),
(763, -24, '2022-09-22 19:42:29', 104653),
(764, 10.9, '2022-09-22 19:42:29', 104654),
(765, -28, '2022-09-22 19:43:29', 104651),
(766, -25, '2022-09-22 19:43:29', 104652),
(767, -24.3, '2022-09-22 19:43:29', 104653),
(768, 10.8, '2022-09-22 19:43:29', 104654),
(769, -28, '2022-09-22 19:44:30', 104651),
(770, -25.2, '2022-09-22 19:44:30', 104652),
(771, -24.3, '2022-09-22 19:44:30', 104653),
(772, 10.9, '2022-09-22 19:44:30', 104654),
(773, -28.3, '2022-09-22 19:45:30', 104651),
(774, -25.6, '2022-09-22 19:45:30', 104652),
(775, -24.6, '2022-09-22 19:45:30', 104653),
(776, 10.7, '2022-09-22 19:45:30', 104654),
(777, -28.1, '2022-09-22 19:46:30', 104651),
(778, -25.5, '2022-09-22 19:46:30', 104652),
(779, -24.7, '2022-09-22 19:46:30', 104653),
(780, 10.8, '2022-09-22 19:46:30', 104654),
(781, -28.2, '2022-09-22 19:47:30', 104651),
(782, -25.1, '2022-09-22 19:47:30', 104652),
(783, -25.1, '2022-09-22 19:47:30', 104653),
(784, 10.3, '2022-09-22 19:47:30', 104654),
(785, -28.6, '2022-09-22 19:48:30', 104651),
(786, -24, '2022-09-22 19:48:30', 104652),
(787, -25, '2022-09-22 19:48:30', 104653),
(788, 10.1, '2022-09-22 19:48:30', 104654),
(789, -28.7, '2022-09-22 19:49:30', 104651),
(790, -24.5, '2022-09-22 19:49:30', 104652),
(791, -25.2, '2022-09-22 19:49:30', 104653),
(792, 9.9, '2022-09-22 19:49:30', 104654),
(793, -29, '2022-09-22 19:50:30', 104651),
(794, -25.3, '2022-09-22 19:50:30', 104652),
(795, -25.2, '2022-09-22 19:50:30', 104653),
(796, 10, '2022-09-22 19:50:30', 104654),
(797, -28.9, '2022-09-22 19:51:30', 104651),
(798, -25.6, '2022-09-22 19:51:30', 104652),
(799, -25.4, '2022-09-22 19:51:30', 104653),
(800, 10, '2022-09-22 19:51:30', 104654),
(801, -28.9, '2022-09-22 19:52:30', 104651),
(802, -25.9, '2022-09-22 19:52:30', 104652),
(803, -25.7, '2022-09-22 19:52:30', 104653),
(804, 9.9, '2022-09-22 19:52:30', 104654),
(805, -29.3, '2022-09-22 19:53:30', 104651),
(806, -26.6, '2022-09-22 19:53:30', 104652),
(807, -25.6, '2022-09-22 19:53:30', 104653),
(808, 10.2, '2022-09-22 19:53:30', 104654),
(809, -28.9, '2022-09-22 19:54:30', 104651),
(810, -26.3, '2022-09-22 19:54:30', 104652),
(811, -25.8, '2022-09-22 19:54:30', 104653),
(812, 10.1, '2022-09-22 19:54:30', 104654),
(813, -29.3, '2022-09-22 19:55:30', 104651),
(814, -26.9, '2022-09-22 19:55:30', 104652),
(815, -26, '2022-09-22 19:55:30', 104653),
(816, 10, '2022-09-22 19:55:30', 104654),
(817, -29.5, '2022-09-22 19:56:30', 104651),
(818, -25.6, '2022-09-22 19:56:30', 104652),
(819, -26.1, '2022-09-22 19:56:30', 104653),
(820, 9.7, '2022-09-22 19:56:30', 104654),
(821, -29.4, '2022-09-22 19:57:30', 104651),
(822, -25.7, '2022-09-22 19:57:30', 104652),
(823, -26.2, '2022-09-22 19:57:30', 104653),
(824, 9.6, '2022-09-22 19:57:30', 104654),
(825, -29.6, '2022-09-22 19:58:30', 104651),
(826, -26.5, '2022-09-22 19:58:30', 104652),
(827, -26.2, '2022-09-22 19:58:30', 104653),
(828, 9.8, '2022-09-22 19:58:30', 104654),
(829, -29.8, '2022-09-22 19:59:30', 104651),
(830, -27.1, '2022-09-22 19:59:30', 104652),
(831, -26.5, '2022-09-22 19:59:30', 104653),
(832, 9.6, '2022-09-22 19:59:30', 104654),
(833, -30, '2022-09-22 20:00:30', 104651),
(834, -27.6, '2022-09-22 20:00:30', 104652),
(835, -26.6, '2022-09-22 20:00:30', 104653),
(836, 9.8, '2022-09-22 20:00:30', 104654),
(837, -29.9, '2022-09-22 20:01:30', 104651),
(838, -27.8, '2022-09-22 20:01:30', 104652),
(839, -27, '2022-09-22 20:01:30', 104653),
(840, 9.6, '2022-09-22 20:01:30', 104654),
(841, -30.1, '2022-09-22 20:02:30', 104651),
(842, -28.2, '2022-09-22 20:02:30', 104652),
(843, -27.1, '2022-09-22 20:02:30', 104653),
(844, 9.6, '2022-09-22 20:02:30', 104654),
(845, -30.2, '2022-09-22 20:03:30', 104651),
(846, -28.3, '2022-09-22 20:03:30', 104652),
(847, -27.4, '2022-09-22 20:03:30', 104653),
(848, 9.5, '2022-09-22 20:03:30', 104654),
(849, -30.2, '2022-09-22 20:04:30', 104651),
(850, -28.4, '2022-09-22 20:04:30', 104652),
(851, -27.5, '2022-09-22 20:04:30', 104653),
(852, 9.6, '2022-09-22 20:04:30', 104654),
(853, -30.2, '2022-09-22 20:05:30', 104651),
(854, -28.5, '2022-09-22 20:05:30', 104652),
(855, -27.6, '2022-09-22 20:05:30', 104653),
(856, 9.5, '2022-09-22 20:05:30', 104654),
(857, -30.4, '2022-09-22 20:06:30', 104651),
(858, -28.7, '2022-09-22 20:06:30', 104652),
(859, -27.8, '2022-09-22 20:06:30', 104653),
(860, 9.5, '2022-09-22 20:06:30', 104654),
(861, -30.4, '2022-09-22 20:07:30', 104651),
(862, -28.7, '2022-09-22 20:07:30', 104652),
(863, -27.8, '2022-09-22 20:07:30', 104653),
(864, 9.6, '2022-09-22 20:07:30', 104654),
(865, -30.7, '2022-09-22 20:08:30', 104651),
(866, -29, '2022-09-22 20:08:30', 104652),
(867, -27.8, '2022-09-22 20:08:30', 104653),
(868, 9.7, '2022-09-22 20:08:30', 104654),
(869, -30.8, '2022-09-22 20:09:30', 104651),
(870, -29.1, '2022-09-22 20:09:30', 104652),
(871, -28.3, '2022-09-22 20:09:30', 104653),
(872, 9.4, '2022-09-22 20:09:30', 104654),
(873, -30.9, '2022-09-22 20:10:30', 104651),
(874, -29.2, '2022-09-22 20:10:30', 104652),
(875, -28.2, '2022-09-22 20:10:30', 104653),
(876, 9.5, '2022-09-22 20:10:30', 104654),
(877, -30.7, '2022-09-22 20:11:30', 104651),
(878, -27.1, '2022-09-22 20:11:30', 104652),
(879, -28.3, '2022-09-22 20:11:30', 104653),
(880, 9.1, '2022-09-22 20:11:30', 104654),
(881, -31, '2022-09-22 20:12:30', 104651),
(882, -23.8, '2022-09-22 20:12:30', 104652),
(883, -26.7, '2022-09-22 20:12:30', 104653),
(884, 8.9, '2022-09-22 20:12:30', 104654),
(885, -29.4, '2022-09-22 20:13:30', 104651),
(886, -17.6, '2022-09-22 20:13:30', 104652),
(887, -21.8, '2022-09-22 20:13:30', 104653),
(888, 8.8, '2022-09-22 20:13:30', 104654),
(889, -27.9, '2022-09-22 20:14:30', 104651),
(890, -11.3, '2022-09-22 20:14:30', 104652),
(891, -15.9, '2022-09-22 20:14:30', 104653),
(892, 10, '2022-09-22 20:14:30', 104654),
(893, -26.3, '2022-09-22 20:15:30', 104651),
(894, -15.8, '2022-09-22 20:15:30', 104652),
(895, -19.7, '2022-09-22 20:15:30', 104653),
(896, 10.7, '2022-09-22 20:15:30', 104654),
(897, -28.1, '2022-09-22 20:16:30', 104651),
(898, -22.3, '2022-09-22 20:16:30', 104652),
(899, -24.4, '2022-09-22 20:16:30', 104653),
(900, 10.4, '2022-09-22 20:16:30', 104654),
(901, -29.1, '2022-09-22 20:17:30', 104651),
(902, -24.5, '2022-09-22 20:17:30', 104652),
(903, -25.5, '2022-09-22 20:17:30', 104653),
(904, 10.2, '2022-09-22 20:17:30', 104654),
(905, -29.4, '2022-09-22 20:18:30', 104651),
(906, -25.9, '2022-09-22 20:18:30', 104652),
(907, -26.3, '2022-09-22 20:18:30', 104653),
(908, 10.1, '2022-09-22 20:18:30', 104654),
(909, -29.5, '2022-09-22 20:19:30', 104651),
(910, -26.8, '2022-09-22 20:19:30', 104652),
(911, -27, '2022-09-22 20:19:30', 104653),
(912, 9.8, '2022-09-22 20:19:30', 104654),
(913, -29.9, '2022-09-22 20:20:30', 104651),
(914, -27.8, '2022-09-22 20:20:30', 104652),
(915, -27.4, '2022-09-22 20:20:30', 104653),
(916, 9.8, '2022-09-22 20:20:30', 104654),
(917, -29.9, '2022-09-22 20:21:30', 104651),
(918, -27.8, '2022-09-22 20:21:30', 104652),
(919, -27.8, '2022-09-22 20:21:30', 104653),
(920, 9.7, '2022-09-22 20:21:30', 104654),
(921, -29.8, '2022-09-22 20:22:30', 104651),
(922, -26.5, '2022-09-22 20:22:30', 104652),
(923, -27.8, '2022-09-22 20:22:30', 104653),
(924, 9.5, '2022-09-22 20:22:30', 104654),
(925, -30.1, '2022-09-22 20:23:30', 104651),
(926, -25.9, '2022-09-22 20:23:30', 104652),
(927, -27.9, '2022-09-22 20:23:30', 104653),
(928, 9.7, '2022-09-22 20:23:30', 104654),
(929, -30.4, '2022-09-22 20:24:30', 104651),
(930, -26.3, '2022-09-22 20:24:30', 104652),
(931, -27.9, '2022-09-22 20:24:30', 104653),
(932, 9.8, '2022-09-22 20:24:30', 104654),
(933, -30.7, '2022-09-22 20:25:30', 104651),
(934, -27.1, '2022-09-22 20:25:30', 104652),
(935, -28.2, '2022-09-22 20:25:30', 104653),
(936, 9.5, '2022-09-22 20:25:30', 104654),
(937, -29.6, '2022-09-22 20:26:30', 104651),
(938, -18.6, '2022-09-22 20:26:30', 104652),
(939, -22.3, '2022-09-22 20:26:30', 104653),
(940, 9.4, '2022-09-22 20:26:30', 104654),
(941, -27.6, '2022-09-22 20:27:30', 104651),
(942, -15.2, '2022-09-22 20:27:30', 104652),
(943, -18.5, '2022-09-22 20:27:30', 104653),
(944, 9.5, '2022-09-22 20:27:30', 104654),
(945, -28.6, '2022-09-22 20:28:30', 104651),
(946, -21.4, '2022-09-22 20:28:30', 104652),
(947, -25, '2022-09-22 20:28:30', 104653),
(948, 9, '2022-09-22 20:28:30', 104654),
(949, -29.3, '2022-09-22 20:29:30', 104651),
(950, -22.2, '2022-09-22 20:29:30', 104652),
(951, -25.8, '2022-09-22 20:29:30', 104653),
(952, 8.8, '2022-09-22 20:29:30', 104654),
(953, -29.9, '2022-09-22 20:30:30', 104651),
(954, -23, '2022-09-22 20:30:30', 104652),
(955, -26.3, '2022-09-22 20:30:30', 104653),
(956, 8.7, '2022-09-22 20:30:30', 104654),
(957, -30.1, '2022-09-22 20:31:30', 104651),
(958, -23.5, '2022-09-22 20:31:30', 104652),
(959, -26.6, '2022-09-22 20:31:30', 104653),
(960, 8.7, '2022-09-22 20:31:30', 104654),
(961, -30.6, '2022-09-22 20:32:30', 104651),
(962, -24.4, '2022-09-22 20:32:30', 104652),
(963, -26.8, '2022-09-22 20:32:30', 104653),
(964, 8.6, '2022-09-22 20:32:30', 104654),
(965, -30.4, '2022-09-22 20:33:30', 104651),
(966, -24.6, '2022-09-22 20:33:30', 104652),
(967, -27, '2022-09-22 20:33:30', 104653),
(968, 8.7, '2022-09-22 20:33:30', 104654),
(969, -30.6, '2022-09-22 20:34:30', 104651),
(970, -25.1, '2022-09-22 20:34:30', 104652),
(971, -27.4, '2022-09-22 20:34:30', 104653),
(972, 8.5, '2022-09-22 20:34:30', 104654),
(973, -30.6, '2022-09-22 20:35:30', 104651),
(974, -25.4, '2022-09-22 20:35:30', 104652),
(975, -27.6, '2022-09-22 20:35:30', 104653),
(976, 8.4, '2022-09-22 20:35:30', 104654),
(977, -30.3, '2022-09-22 20:36:30', 104651),
(978, -23, '2022-09-22 20:36:30', 104652),
(979, -26.1, '2022-09-22 20:36:30', 104653),
(980, 9, '2022-09-22 20:36:30', 104654),
(981, -30.1, '2022-09-22 20:37:30', 104651),
(982, -24.3, '2022-09-22 20:37:30', 104652),
(983, -26.2, '2022-09-22 20:37:30', 104653),
(984, 9.1, '2022-09-22 20:37:30', 104654),
(985, -29.6, '2022-09-22 20:38:30', 104651),
(986, -24.5, '2022-09-22 20:38:30', 104652),
(987, -26.8, '2022-09-22 20:38:30', 104653),
(988, 8.9, '2022-09-22 20:38:30', 104654),
(989, -29.7, '2022-09-22 20:39:30', 104651),
(990, -25.2, '2022-09-22 20:39:30', 104652),
(991, -27, '2022-09-22 20:39:30', 104653),
(992, 9, '2022-09-22 20:39:30', 104654),
(993, -29.6, '2022-09-22 20:40:30', 104651),
(994, -25.4, '2022-09-22 20:40:30', 104652),
(995, -27.5, '2022-09-22 20:40:30', 104653),
(996, 8.8, '2022-09-22 20:40:30', 104654),
(997, -30.2, '2022-09-22 20:41:30', 104651),
(998, -26.2, '2022-09-22 20:41:30', 104652),
(999, -27.8, '2022-09-22 20:41:30', 104653),
(1000, 8.7, '2022-09-22 20:41:30', 104654),
(1001, -30.2, '2022-09-22 20:42:30', 104651),
(1002, -26.3, '2022-09-22 20:42:30', 104652),
(1003, -27.9, '2022-09-22 20:42:30', 104653),
(1004, 8.7, '2022-09-22 20:42:30', 104654),
(1005, -30.7, '2022-09-22 20:43:30', 104651),
(1006, -26.8, '2022-09-22 20:43:30', 104652),
(1007, -28.3, '2022-09-22 20:43:30', 104653),
(1008, 8.6, '2022-09-22 20:43:30', 104654),
(1009, -30.8, '2022-09-22 20:44:30', 104651),
(1010, -26.9, '2022-09-22 20:44:30', 104652),
(1011, -28.2, '2022-09-22 20:44:30', 104653),
(1012, 8.7, '2022-09-22 20:44:30', 104654),
(1013, -30.8, '2022-09-22 20:45:31', 104651),
(1014, -26.8, '2022-09-22 20:45:31', 104652),
(1015, -28.5, '2022-09-22 20:45:31', 104653),
(1016, 8.5, '2022-09-22 20:45:31', 104654),
(1017, -31, '2022-09-22 20:46:31', 104651),
(1018, -27, '2022-09-22 20:46:31', 104652),
(1019, -28.5, '2022-09-22 20:46:31', 104653),
(1020, 8.6, '2022-09-22 20:46:31', 104654),
(1021, -31.2, '2022-09-22 20:47:31', 104651),
(1022, -27.3, '2022-09-22 20:47:31', 104652),
(1023, -28.9, '2022-09-22 20:47:31', 104653),
(1024, 8.4, '2022-09-22 20:47:31', 104654),
(1025, -31.2, '2022-09-22 20:48:31', 104651),
(1026, -27.2, '2022-09-22 20:48:31', 104652),
(1027, -28.9, '2022-09-22 20:48:31', 104653),
(1028, 8.5, '2022-09-22 20:48:31', 104654),
(1029, -31.2, '2022-09-22 20:49:31', 104651),
(1030, -27.3, '2022-09-22 20:49:31', 104652),
(1031, -29.1, '2022-09-22 20:49:31', 104653),
(1032, 8.4, '2022-09-22 20:49:31', 104654),
(1033, -31.7, '2022-09-22 20:50:31', 104651),
(1034, -27.7, '2022-09-22 20:50:31', 104652),
(1035, -29.2, '2022-09-22 20:50:31', 104653),
(1036, 8.4, '2022-09-22 20:50:31', 104654),
(1037, -31.7, '2022-09-22 20:51:31', 104651),
(1038, -27.8, '2022-09-22 20:51:31', 104652),
(1039, -29.2, '2022-09-22 20:51:31', 104653),
(1040, 8.5, '2022-09-22 20:51:31', 104654),
(1041, -31.8, '2022-09-22 20:52:31', 104651),
(1042, -28.2, '2022-09-22 20:52:31', 104652),
(1043, -29.5, '2022-09-22 20:52:31', 104653),
(1044, 8.3, '2022-09-22 20:52:31', 104654),
(1045, -32.2, '2022-09-22 20:53:31', 104651),
(1046, -28.5, '2022-09-22 20:53:31', 104652),
(1047, -29.6, '2022-09-22 20:53:31', 104653),
(1048, 8.3, '2022-09-22 20:53:31', 104654),
(1049, -31.7, '2022-09-22 20:54:31', 104651),
(1050, -28, '2022-09-22 20:54:31', 104652),
(1051, -29.8, '2022-09-22 20:54:31', 104653),
(1052, 8.4, '2022-09-22 20:54:31', 104654),
(1053, -32.1, '2022-09-22 20:55:31', 104651),
(1054, -28.6, '2022-09-22 20:55:31', 104652),
(1055, -29.9, '2022-09-22 20:55:31', 104653),
(1056, 8.3, '2022-09-22 20:55:31', 104654),
(1057, -31.9, '2022-09-22 20:56:31', 104651),
(1058, -29.1, '2022-09-22 20:56:31', 104652),
(1059, -30.3, '2022-09-22 20:56:31', 104653),
(1060, 8.3, '2022-09-22 20:56:31', 104654),
(1061, -31, '2022-09-22 20:57:31', 104651),
(1062, -29.5, '2022-09-22 20:57:31', 104652),
(1063, -30.7, '2022-09-22 20:57:31', 104653),
(1064, 8.3, '2022-09-22 20:57:31', 104654),
(1065, -32, '2022-09-22 20:58:31', 104651),
(1066, -30.3, '2022-09-22 20:58:31', 104652),
(1067, -31.1, '2022-09-22 20:58:31', 104653),
(1068, 8.2, '2022-09-22 20:58:31', 104654),
(1069, -32.5, '2022-09-22 20:59:31', 104651),
(1070, -30.5, '2022-09-22 20:59:31', 104652),
(1071, -31.3, '2022-09-22 20:59:31', 104653),
(1072, 7.7, '2022-09-22 20:59:31', 104654),
(1073, -32.8, '2022-09-22 21:00:31', 104651),
(1074, -30.3, '2022-09-22 21:00:31', 104652),
(1075, -31.1, '2022-09-22 21:00:31', 104653),
(1076, 7.6, '2022-09-22 21:00:31', 104654),
(1077, -33.2, '2022-09-22 21:01:31', 104651),
(1078, -30.5, '2022-09-22 21:01:31', 104652),
(1079, -31.6, '2022-09-22 21:01:31', 104653),
(1080, 7.6, '2022-09-22 21:01:31', 104654),
(1081, -33.4, '2022-09-22 21:02:31', 104651),
(1082, -30.7, '2022-09-22 21:02:31', 104652),
(1083, -31.9, '2022-09-22 21:02:31', 104653),
(1084, 7.6, '2022-09-22 21:02:31', 104654),
(1085, -34.1, '2022-09-22 21:03:31', 104651),
(1086, -31.4, '2022-09-22 21:03:31', 104652),
(1087, -32.1, '2022-09-22 21:03:31', 104653),
(1088, 7.8, '2022-09-22 21:03:31', 104654),
(1089, -34.2, '2022-09-22 21:04:31', 104651),
(1090, -31.4, '2022-09-22 21:04:31', 104652),
(1091, -32.5, '2022-09-22 21:04:31', 104653),
(1092, 7.7, '2022-09-22 21:04:31', 104654),
(1093, -34.3, '2022-09-22 21:05:31', 104651),
(1094, -31.6, '2022-09-22 21:05:31', 104652),
(1095, -32.7, '2022-09-22 21:05:31', 104653),
(1096, 7.8, '2022-09-22 21:05:31', 104654),
(1097, -34.5, '2022-09-22 21:06:31', 104651),
(1098, -32.1, '2022-09-22 21:06:31', 104652),
(1099, -33.2, '2022-09-22 21:06:31', 104653),
(1100, 7.7, '2022-09-22 21:06:31', 104654),
(1101, -34.5, '2022-09-22 21:07:31', 104651),
(1102, -32.4, '2022-09-22 21:07:31', 104652),
(1103, -33.4, '2022-09-22 21:07:31', 104653),
(1104, 7.8, '2022-09-22 21:07:31', 104654),
(1105, -34.7, '2022-09-22 21:08:31', 104651),
(1106, -32.8, '2022-09-22 21:08:31', 104652),
(1107, -33.6, '2022-09-22 21:08:31', 104653),
(1108, 7.7, '2022-09-22 21:08:31', 104654),
(1109, -34.9, '2022-09-22 21:09:31', 104651),
(1110, -32.9, '2022-09-22 21:09:31', 104652),
(1111, -33.7, '2022-09-22 21:09:31', 104653),
(1112, 7.8, '2022-09-22 21:09:31', 104654),
(1113, -35.1, '2022-09-22 21:10:31', 104651),
(1114, -33, '2022-09-22 21:10:31', 104652),
(1115, -34, '2022-09-22 21:10:31', 104653),
(1116, 7.7, '2022-09-22 21:10:31', 104654),
(1117, -35.5, '2022-09-22 21:11:31', 104651),
(1118, -33.3, '2022-09-22 21:11:31', 104652),
(1119, -34.1, '2022-09-22 21:11:31', 104653),
(1120, 7.9, '2022-09-22 21:11:31', 104654),
(1121, -35.5, '2022-09-22 21:12:31', 104651),
(1122, -33.3, '2022-09-22 21:12:31', 104652),
(1123, -34.3, '2022-09-22 21:12:31', 104653),
(1124, 7.9, '2022-09-22 21:12:31', 104654),
(1125, -35.7, '2022-09-22 21:13:31', 104651),
(1126, -33.4, '2022-09-22 21:13:31', 104652),
(1127, -34.5, '2022-09-22 21:13:31', 104653),
(1128, 7.9, '2022-09-22 21:13:31', 104654),
(1129, -35.8, '2022-09-22 21:14:31', 104651),
(1130, -33.9, '2022-09-22 21:14:31', 104652),
(1131, -34.7, '2022-09-22 21:14:31', 104653),
(1132, 7.8, '2022-09-22 21:14:31', 104654),
(1133, -34.4, '2022-09-22 21:15:31', 104651),
(1134, -34.2, '2022-09-22 21:15:31', 104652),
(1135, -34.9, '2022-09-22 21:15:31', 104653),
(1136, 7.8, '2022-09-22 21:15:31', 104654),
(1137, -33.2, '2022-09-22 21:16:31', 104651),
(1138, -34.3, '2022-09-22 21:16:31', 104652),
(1139, -34.8, '2022-09-22 21:16:31', 104653),
(1140, 7.9, '2022-09-22 21:16:31', 104654),
(1141, -34.4, '2022-09-22 21:17:31', 104651),
(1142, -34.4, '2022-09-22 21:17:31', 104652),
(1143, -35, '2022-09-22 21:17:31', 104653),
(1144, 7.8, '2022-09-22 21:17:31', 104654),
(1145, -35.2, '2022-09-22 21:18:31', 104651),
(1146, -34.4, '2022-09-22 21:18:31', 104652),
(1147, -35.2, '2022-09-22 21:18:31', 104653),
(1148, 7.7, '2022-09-22 21:18:31', 104654),
(1149, -36, '2022-09-22 21:19:31', 104651),
(1150, -34.6, '2022-09-22 21:19:31', 104652),
(1151, -35.4, '2022-09-22 21:19:31', 104653),
(1152, 7.6, '2022-09-22 21:19:31', 104654),
(1153, -36.3, '2022-09-22 21:20:31', 104651),
(1154, -34.6, '2022-09-22 21:20:31', 104652),
(1155, -35.4, '2022-09-22 21:20:31', 104653),
(1156, 7.7, '2022-09-22 21:20:31', 104654),
(1157, -36.6, '2022-09-22 21:21:31', 104651),
(1158, -34.9, '2022-09-22 21:21:31', 104652),
(1159, -35.6, '2022-09-22 21:21:31', 104653),
(1160, 7.6, '2022-09-22 21:21:31', 104654),
(1161, -37, '2022-09-22 21:22:31', 104651),
(1162, -35.5, '2022-09-22 21:22:31', 104652),
(1163, -35.7, '2022-09-22 21:22:31', 104653),
(1164, 7.6, '2022-09-22 21:22:31', 104654),
(1165, -35.3, '2022-09-22 21:23:31', 104651),
(1166, -35.7, '2022-09-22 21:23:31', 104652),
(1167, -35.8, '2022-09-22 21:23:31', 104653),
(1168, 7.5, '2022-09-22 21:23:31', 104654),
(1169, -31.8, '2022-09-22 21:24:31', 104651),
(1170, -35.7, '2022-09-22 21:24:31', 104652),
(1171, -35.9, '2022-09-22 21:24:31', 104653),
(1172, 7.5, '2022-09-22 21:24:31', 104654),
(1173, -32.6, '2022-09-22 21:25:31', 104651),
(1174, -35.5, '2022-09-22 21:25:31', 104652),
(1175, -35.9, '2022-09-22 21:25:31', 104653),
(1176, 7.5, '2022-09-22 21:25:31', 104654),
(1177, -34.4, '2022-09-22 21:26:31', 104651);
INSERT INTO `temperature_2022_09` (`id`, `temperature`, `date_time`, `device_manual_id`) VALUES
(1178, -35.5, '2022-09-22 21:26:31', 104652),
(1179, -36, '2022-09-22 21:26:31', 104653),
(1180, 7.4, '2022-09-22 21:26:31', 104654),
(1181, -35.7, '2022-09-22 21:27:31', 104651),
(1182, -35.5, '2022-09-22 21:27:31', 104652),
(1183, -36, '2022-09-22 21:27:31', 104653),
(1184, 7.5, '2022-09-22 21:27:31', 104654),
(1185, -36.5, '2022-09-22 21:28:31', 104651),
(1186, -35.5, '2022-09-22 21:28:31', 104652),
(1187, -36.2, '2022-09-22 21:28:31', 104653),
(1188, 7.4, '2022-09-22 21:28:31', 104654),
(1189, -37, '2022-09-22 21:29:31', 104651),
(1190, -35.9, '2022-09-22 21:29:31', 104652),
(1191, -36.2, '2022-09-22 21:29:31', 104653),
(1192, 7.5, '2022-09-22 21:29:31', 104654),
(1193, -37.3, '2022-09-22 21:30:31', 104651),
(1194, -36.3, '2022-09-22 21:30:31', 104652),
(1195, -36, '2022-09-22 21:30:31', 104653),
(1196, 7.5, '2022-09-22 21:30:31', 104654),
(1197, -37.5, '2022-09-22 21:31:31', 104651),
(1198, -36.3, '2022-09-22 21:31:31', 104652),
(1199, -36.1, '2022-09-22 21:31:31', 104653),
(1200, 7.4, '2022-09-22 21:31:31', 104654),
(1201, -37.8, '2022-09-22 21:32:31', 104651),
(1202, -31.9, '2022-09-22 21:32:31', 104652),
(1203, -34.3, '2022-09-22 21:32:31', 104653),
(1204, 7.8, '2022-09-22 21:32:31', 104654),
(1205, -35.3, '2022-09-22 21:33:31', 104651),
(1206, -22.8, '2022-09-22 21:33:31', 104652),
(1207, -25.6, '2022-09-22 21:33:31', 104653),
(1208, 8.9, '2022-09-22 21:33:31', 104654),
(1209, -29.3, '2022-09-22 21:34:31', 104651),
(1210, -16, '2022-09-22 21:34:31', 104652),
(1211, -15.4, '2022-09-22 21:34:31', 104653),
(1212, 9.3, '2022-09-22 21:34:31', 104654),
(1213, -25.7, '2022-09-22 21:35:31', 104651),
(1214, -14.5, '2022-09-22 21:35:31', 104652),
(1215, -14.5, '2022-09-22 21:35:31', 104653),
(1216, 9.2, '2022-09-22 21:35:31', 104654),
(1217, -29.9, '2022-09-22 21:36:31', 104651),
(1218, -27.2, '2022-09-22 21:36:31', 104652),
(1219, -29, '2022-09-22 21:36:31', 104653),
(1220, 8.9, '2022-09-22 21:36:31', 104654),
(1221, -33.7, '2022-09-22 21:37:31', 104651),
(1222, -32, '2022-09-22 21:37:31', 104652),
(1223, -33.6, '2022-09-22 21:37:31', 104653),
(1224, 8.7, '2022-09-22 21:37:31', 104654),
(1225, -35.4, '2022-09-22 21:38:31', 104651),
(1226, -33.3, '2022-09-22 21:38:31', 104652),
(1227, -34.9, '2022-09-22 21:38:31', 104653),
(1228, 8.5, '2022-09-22 21:38:31', 104654),
(1229, -36.4, '2022-09-22 21:39:31', 104651),
(1230, -34.4, '2022-09-22 21:39:31', 104652),
(1231, -35.9, '2022-09-22 21:39:31', 104653),
(1232, 8.3, '2022-09-22 21:39:31', 104654),
(1233, -37, '2022-09-22 21:40:31', 104651),
(1234, -35.3, '2022-09-22 21:40:31', 104652),
(1235, -36.5, '2022-09-22 21:40:31', 104653),
(1236, 8.1, '2022-09-22 21:40:31', 104654),
(1237, -37.5, '2022-09-22 21:41:31', 104651),
(1238, -35.9, '2022-09-22 21:41:31', 104652),
(1239, -36.8, '2022-09-22 21:41:31', 104653),
(1240, 7.9, '2022-09-22 21:41:31', 104654),
(1241, -37.8, '2022-09-22 21:42:32', 104651),
(1242, -36.2, '2022-09-22 21:42:32', 104652),
(1243, -36.9, '2022-09-22 21:42:32', 104653),
(1244, 7.7, '2022-09-22 21:42:32', 104654),
(1245, -38.4, '2022-09-22 21:43:32', 104651),
(1246, -36.9, '2022-09-22 21:43:32', 104652),
(1247, -37.2, '2022-09-22 21:43:32', 104653),
(1248, 7.6, '2022-09-22 21:43:32', 104654),
(1249, -38.6, '2022-09-22 21:44:32', 104651),
(1250, -37, '2022-09-22 21:44:32', 104652),
(1251, -37.6, '2022-09-22 21:44:32', 104653),
(1252, 7.5, '2022-09-22 21:44:32', 104654),
(1253, -37.7, '2022-09-22 21:45:32', 104651),
(1254, -37.1, '2022-09-22 21:45:32', 104652),
(1255, -37.9, '2022-09-22 21:45:32', 104653),
(1256, 7.5, '2022-09-22 21:45:32', 104654),
(1257, -37, '2022-09-22 21:46:32', 104651),
(1258, -37.3, '2022-09-22 21:46:32', 104652),
(1259, -38, '2022-09-22 21:46:32', 104653),
(1260, 7.6, '2022-09-22 21:46:32', 104654),
(1261, -36.3, '2022-09-22 21:47:32', 104651),
(1262, -37.5, '2022-09-22 21:47:32', 104652),
(1263, -37.5, '2022-09-22 21:47:32', 104653),
(1264, 7.5, '2022-09-22 21:47:32', 104654),
(1265, -36, '2022-09-22 21:48:32', 104651),
(1266, -37.7, '2022-09-22 21:48:32', 104652),
(1267, -37.2, '2022-09-22 21:48:32', 104653),
(1268, 7.5, '2022-09-22 21:48:32', 104654),
(1269, -36.8, '2022-09-22 21:49:32', 104651),
(1270, -37.7, '2022-09-22 21:49:32', 104652),
(1271, -37.4, '2022-09-22 21:49:32', 104653),
(1272, 7.4, '2022-09-22 21:49:32', 104654),
(1273, -37.9, '2022-09-22 21:50:32', 104651),
(1274, -37.9, '2022-09-22 21:50:32', 104652),
(1275, -37.8, '2022-09-22 21:50:32', 104653),
(1276, 7.3, '2022-09-22 21:50:32', 104654),
(1277, -36.9, '2022-09-22 21:51:32', 104651),
(1278, -37.7, '2022-09-22 21:51:32', 104652),
(1279, -38.1, '2022-09-22 21:51:32', 104653),
(1280, 7.4, '2022-09-22 21:51:32', 104654),
(1281, -37.1, '2022-09-22 21:52:32', 104651),
(1282, -38.1, '2022-09-22 21:52:32', 104652),
(1283, -38.5, '2022-09-22 21:52:32', 104653),
(1284, 7.4, '2022-09-22 21:52:32', 104654),
(1285, -38.1, '2022-09-22 21:53:32', 104651),
(1286, -38.3, '2022-09-22 21:53:32', 104652),
(1287, -38.9, '2022-09-22 21:53:32', 104653),
(1288, 7.4, '2022-09-22 21:53:32', 104654),
(1289, -37.7, '2022-09-22 21:54:32', 104651),
(1290, -38.3, '2022-09-22 21:54:32', 104652),
(1291, -39, '2022-09-22 21:54:32', 104653),
(1292, 7.4, '2022-09-22 21:54:32', 104654),
(1293, -38.1, '2022-09-22 21:55:32', 104651),
(1294, -38.5, '2022-09-22 21:55:32', 104652),
(1295, -39.3, '2022-09-22 21:55:32', 104653),
(1296, 7.2, '2022-09-22 21:55:32', 104654),
(1297, -37.4, '2022-09-22 21:56:32', 104651),
(1298, -37.5, '2022-09-22 21:56:32', 104652),
(1299, -38.5, '2022-09-22 21:56:32', 104653),
(1300, 7.2, '2022-09-22 21:56:32', 104654),
(1301, -37.4, '2022-09-22 21:57:32', 104651),
(1302, -37, '2022-09-22 21:57:32', 104652),
(1303, -37.6, '2022-09-22 21:57:32', 104653),
(1304, 7.1, '2022-09-22 21:57:32', 104654),
(1305, -36.9, '2022-09-22 21:58:32', 104651),
(1306, -36.1, '2022-09-22 21:58:32', 104652),
(1307, -36.8, '2022-09-22 21:58:32', 104653),
(1308, 7.1, '2022-09-22 21:58:32', 104654),
(1309, -36.7, '2022-09-22 21:59:32', 104651),
(1310, -35.4, '2022-09-22 21:59:32', 104652),
(1311, -36.2, '2022-09-22 21:59:32', 104653),
(1312, 6.9, '2022-09-22 21:59:32', 104654),
(1313, -36.2, '2022-09-22 22:00:32', 104651),
(1314, -34.7, '2022-09-22 22:00:32', 104652),
(1315, -35.6, '2022-09-22 22:00:32', 104653),
(1316, 7, '2022-09-22 22:00:32', 104654),
(1317, -36.2, '2022-09-22 22:01:32', 104651),
(1318, -34.4, '2022-09-22 22:01:32', 104652),
(1319, -35.4, '2022-09-22 22:01:32', 104653),
(1320, 7, '2022-09-22 22:01:32', 104654),
(1321, -34.8, '2022-09-22 22:02:32', 104651),
(1322, -30, '2022-09-22 22:02:32', 104652),
(1323, -29.7, '2022-09-22 22:02:32', 104653),
(1324, 6.8, '2022-09-22 22:02:32', 104654),
(1325, -29.2, '2022-09-22 22:03:32', 104651),
(1326, -23.3, '2022-09-22 22:03:32', 104652),
(1327, -21.6, '2022-09-22 22:03:32', 104653),
(1328, 7, '2022-09-22 22:03:32', 104654),
(1329, -32.5, '2022-09-22 22:04:32', 104651),
(1330, -32.5, '2022-09-22 22:04:32', 104652),
(1331, -33.3, '2022-09-22 22:04:32', 104653),
(1332, 6.8, '2022-09-22 22:04:32', 104654),
(1333, -35, '2022-09-22 22:05:32', 104651),
(1334, -34.8, '2022-09-22 22:05:32', 104652),
(1335, -35, '2022-09-22 22:05:32', 104653),
(1336, 6.7, '2022-09-22 22:05:32', 104654),
(1337, -36.7, '2022-09-22 22:06:32', 104651),
(1338, -35.8, '2022-09-22 22:06:32', 104652),
(1339, -35.3, '2022-09-22 22:06:32', 104653),
(1340, 6.8, '2022-09-22 22:06:32', 104654),
(1341, -38, '2022-09-22 22:07:32', 104651),
(1342, -37, '2022-09-22 22:07:32', 104652),
(1343, -35.8, '2022-09-22 22:07:32', 104653),
(1344, 6.8, '2022-09-22 22:07:32', 104654),
(1345, -38.3, '2022-09-22 22:08:32', 104651),
(1346, -37.8, '2022-09-22 22:08:32', 104652),
(1347, -36.3, '2022-09-22 22:08:32', 104653),
(1348, 6.8, '2022-09-22 22:08:32', 104654),
(1349, -38.7, '2022-09-22 22:09:32', 104651),
(1350, -38.1, '2022-09-22 22:09:32', 104652),
(1351, -37.1, '2022-09-22 22:09:32', 104653),
(1352, 7, '2022-09-22 22:09:32', 104654),
(1353, -39.5, '2022-09-22 22:10:32', 104651),
(1354, -38.2, '2022-09-22 22:10:32', 104652),
(1355, -38.2, '2022-09-22 22:10:32', 104653),
(1356, 6.8, '2022-09-22 22:10:32', 104654),
(1357, -40.1, '2022-09-22 22:11:32', 104651),
(1358, -37.8, '2022-09-22 22:11:32', 104652),
(1359, -39, '2022-09-22 22:11:32', 104653),
(1360, 6.9, '2022-09-22 22:11:32', 104654),
(1361, -36.6, '2022-09-22 22:12:32', 104651),
(1362, -30.5, '2022-09-22 22:12:32', 104652),
(1363, -29.6, '2022-09-22 22:12:32', 104653),
(1364, 6.8, '2022-09-22 22:12:32', 104654),
(1365, -32.9, '2022-09-22 22:13:32', 104651),
(1366, -25.8, '2022-09-22 22:13:32', 104652),
(1367, -24.2, '2022-09-22 22:13:32', 104653),
(1368, 6.8, '2022-09-22 22:13:32', 104654),
(1369, -28.2, '2022-09-22 22:14:32', 104651),
(1370, -20.5, '2022-09-22 22:14:32', 104652),
(1371, -19.2, '2022-09-22 22:14:32', 104653),
(1372, 6.8, '2022-09-22 22:14:32', 104654),
(1373, -25.2, '2022-09-22 22:15:32', 104651),
(1374, -17.2, '2022-09-22 22:15:32', 104652),
(1375, -16.3, '2022-09-22 22:15:32', 104653),
(1376, 6.7, '2022-09-22 22:15:32', 104654),
(1377, -22.2, '2022-09-22 22:16:32', 104651),
(1378, -14.4, '2022-09-22 22:16:32', 104652),
(1379, -13.9, '2022-09-22 22:16:32', 104653),
(1380, 6.7, '2022-09-22 22:16:32', 104654),
(1381, -21.8, '2022-09-22 22:17:32', 104651),
(1382, -15.4, '2022-09-22 22:17:32', 104652),
(1383, -16, '2022-09-22 22:17:32', 104653),
(1384, 6.6, '2022-09-22 22:17:32', 104654),
(1385, -22.3, '2022-09-22 22:18:32', 104651),
(1386, -17.4, '2022-09-22 22:18:32', 104652),
(1387, -18.7, '2022-09-22 22:18:32', 104653),
(1388, 6.6, '2022-09-22 22:18:32', 104654),
(1389, -23.6, '2022-09-22 22:19:32', 104651),
(1390, -19.7, '2022-09-22 22:19:32', 104652),
(1391, -21.1, '2022-09-22 22:19:32', 104653),
(1392, 6.5, '2022-09-22 22:19:32', 104654),
(1393, -24.6, '2022-09-22 22:20:32', 104651),
(1394, -21.5, '2022-09-22 22:20:32', 104652),
(1395, -22.9, '2022-09-22 22:20:32', 104653),
(1396, 6.6, '2022-09-22 22:20:32', 104654),
(1397, -25.4, '2022-09-22 22:21:32', 104651),
(1398, -22.8, '2022-09-22 22:21:32', 104652),
(1399, -24.3, '2022-09-22 22:21:32', 104653),
(1400, 6.5, '2022-09-22 22:21:32', 104654),
(1401, -25.3, '2022-09-22 22:22:32', 104651),
(1402, -21.8, '2022-09-22 22:22:32', 104652),
(1403, -22.6, '2022-09-22 22:22:32', 104653),
(1404, 6.5, '2022-09-22 22:22:32', 104654),
(1405, -21.6, '2022-09-22 22:23:32', 104651),
(1406, -15.7, '2022-09-22 22:23:32', 104652),
(1407, -14.9, '2022-09-22 22:23:32', 104653),
(1408, 6.4, '2022-09-22 22:23:32', 104654),
(1409, -18.6, '2022-09-22 22:24:32', 104651),
(1410, -12.8, '2022-09-22 22:24:32', 104652),
(1411, -13, '2022-09-22 22:24:32', 104653),
(1412, 6.4, '2022-09-22 22:24:32', 104654),
(1413, -18.9, '2022-09-22 22:25:32', 104651),
(1414, -14.1, '2022-09-22 22:25:32', 104652),
(1415, -15.1, '2022-09-22 22:25:32', 104653),
(1416, 6.4, '2022-09-22 22:25:32', 104654),
(1417, -19.4, '2022-09-22 22:26:32', 104651),
(1418, -15.7, '2022-09-22 22:26:32', 104652),
(1419, -17.3, '2022-09-22 22:26:32', 104653),
(1420, 6.3, '2022-09-22 22:26:32', 104654),
(1421, -19.8, '2022-09-22 22:27:32', 104651),
(1422, -15.8, '2022-09-22 22:27:32', 104652),
(1423, -16.8, '2022-09-22 22:27:32', 104653),
(1424, 6.1, '2022-09-22 22:27:32', 104654),
(1425, -24.2, '2022-09-22 22:28:32', 104651),
(1426, -25.3, '2022-09-22 22:28:32', 104652),
(1427, -28, '2022-09-22 22:28:32', 104653),
(1428, 6.2, '2022-09-22 22:28:32', 104654),
(1429, -28.9, '2022-09-22 22:29:32', 104651),
(1430, -30, '2022-09-22 22:29:32', 104652),
(1431, -32.7, '2022-09-22 22:29:32', 104653),
(1432, 6.2, '2022-09-22 22:29:32', 104654),
(1433, -32, '2022-09-22 22:30:32', 104651),
(1434, -32.4, '2022-09-22 22:30:32', 104652),
(1435, -34.8, '2022-09-22 22:30:32', 104653),
(1436, 6.1, '2022-09-22 22:30:32', 104654),
(1437, -30.7, '2022-09-22 22:31:32', 104651),
(1438, -27.7, '2022-09-22 22:31:32', 104652),
(1439, -28.1, '2022-09-22 22:31:32', 104653),
(1440, 6.1, '2022-09-22 22:31:32', 104654),
(1441, -24.7, '2022-09-22 22:32:32', 104651),
(1442, -19, '2022-09-22 22:32:32', 104652),
(1443, -17.2, '2022-09-22 22:32:32', 104653),
(1444, 6.2, '2022-09-22 22:32:32', 104654),
(1445, -19.9, '2022-09-22 22:33:32', 104651),
(1446, -13.3, '2022-09-22 22:33:32', 104652),
(1447, -12, '2022-09-22 22:33:32', 104653),
(1448, 6.1, '2022-09-22 22:33:32', 104654),
(1449, -16.9, '2022-09-22 22:34:32', 104651),
(1450, -9.8, '2022-09-22 22:34:32', 104652),
(1451, -9.8, '2022-09-22 22:34:32', 104653),
(1452, 6.2, '2022-09-22 22:34:32', 104654),
(1453, -14.7, '2022-09-22 22:35:32', 104651),
(1454, -8.5, '2022-09-22 22:35:32', 104652),
(1455, -7, '2022-09-22 22:35:32', 104653),
(1456, 6.1, '2022-09-22 22:35:32', 104654),
(1457, -13.2, '2022-09-22 22:36:32', 104651),
(1458, -6.8, '2022-09-22 22:36:32', 104652),
(1459, -5.8, '2022-09-22 22:36:32', 104653),
(1460, 6.1, '2022-09-22 22:36:32', 104654),
(1461, -12, '2022-09-22 22:37:32', 104651),
(1462, -5.5, '2022-09-22 22:37:32', 104652),
(1463, -4.7, '2022-09-22 22:37:32', 104653),
(1464, 6.2, '2022-09-22 22:37:32', 104654),
(1465, -11.3, '2022-09-22 22:38:32', 104651),
(1466, -4.4, '2022-09-22 22:38:32', 104652),
(1467, -4.5, '2022-09-22 22:38:32', 104653),
(1468, 6, '2022-09-22 22:38:32', 104654),
(1469, -10.1, '2022-09-22 22:39:33', 104651),
(1470, -3.7, '2022-09-22 22:39:33', 104652),
(1471, -4.2, '2022-09-22 22:39:33', 104653),
(1472, 6.2, '2022-09-22 22:39:33', 104654),
(1473, -9.3, '2022-09-22 22:40:33', 104651),
(1474, -4, '2022-09-22 22:40:33', 104652),
(1475, -5.2, '2022-09-22 22:40:33', 104653),
(1476, 6.1, '2022-09-22 22:40:33', 104654),
(1477, -10.6, '2022-09-22 22:41:33', 104651),
(1478, -5.1, '2022-09-22 22:41:33', 104652),
(1479, -8.8, '2022-09-22 22:41:33', 104653),
(1480, 7, '2022-09-22 22:41:33', 104654),
(1481, -11.6, '2022-09-22 22:42:33', 104651),
(1482, -6.3, '2022-09-22 22:42:33', 104652),
(1483, -10.4, '2022-09-22 22:42:33', 104653),
(1484, 8.2, '2022-09-22 22:42:33', 104654),
(1485, -12.2, '2022-09-22 22:43:33', 104651),
(1486, -6.7, '2022-09-22 22:43:33', 104652),
(1487, -11, '2022-09-22 22:43:33', 104653),
(1488, 8.3, '2022-09-22 22:43:33', 104654),
(1489, -12.4, '2022-09-22 22:44:33', 104651),
(1490, -8, '2022-09-22 22:44:33', 104652),
(1491, -11.9, '2022-09-22 22:44:33', 104653),
(1492, 7.9, '2022-09-22 22:44:33', 104654),
(1493, -12.8, '2022-09-22 22:45:33', 104651),
(1494, -9, '2022-09-22 22:45:33', 104652),
(1495, -11.8, '2022-09-22 22:45:33', 104653),
(1496, 7.8, '2022-09-22 22:45:33', 104654),
(1497, -12.9, '2022-09-22 22:46:33', 104651),
(1498, -9.5, '2022-09-22 22:46:33', 104652),
(1499, -11.6, '2022-09-22 22:46:33', 104653),
(1500, 7.5, '2022-09-22 22:46:33', 104654),
(1501, -15.2, '2022-09-22 22:47:33', 104651),
(1502, -16.6, '2022-09-22 22:47:33', 104652),
(1503, -18.1, '2022-09-22 22:47:33', 104653),
(1504, 8.1, '2022-09-22 22:47:33', 104654),
(1505, -16.7, '2022-09-22 22:48:33', 104651),
(1506, -22.1, '2022-09-22 22:48:33', 104652),
(1507, -21, '2022-09-22 22:48:33', 104653),
(1508, 8.9, '2022-09-22 22:48:33', 104654),
(1509, -18.6, '2022-09-22 22:49:33', 104651),
(1510, -24.6, '2022-09-22 22:49:33', 104652),
(1511, -23.6, '2022-09-22 22:49:33', 104653),
(1512, 9.4, '2022-09-22 22:49:33', 104654),
(1513, -19.6, '2022-09-22 22:50:33', 104651),
(1514, -26.2, '2022-09-22 22:50:33', 104652),
(1515, -25.4, '2022-09-22 22:50:33', 104653),
(1516, 9.2, '2022-09-22 22:50:33', 104654),
(1517, -20.5, '2022-09-22 22:51:33', 104651),
(1518, -27.3, '2022-09-22 22:51:33', 104652),
(1519, -26.9, '2022-09-22 22:51:33', 104653),
(1520, 9, '2022-09-22 22:51:33', 104654),
(1521, -21.2, '2022-09-22 22:52:33', 104651),
(1522, -28.1, '2022-09-22 22:52:33', 104652),
(1523, -27.5, '2022-09-22 22:52:33', 104653),
(1524, 8.6, '2022-09-22 22:52:33', 104654),
(1525, -21.4, '2022-09-22 22:53:33', 104651),
(1526, -28.8, '2022-09-22 22:53:33', 104652),
(1527, -28.4, '2022-09-22 22:53:33', 104653),
(1528, 8.1, '2022-09-22 22:53:33', 104654),
(1529, -21.8, '2022-09-22 22:54:33', 104651),
(1530, -29, '2022-09-22 22:54:33', 104652),
(1531, -28.9, '2022-09-22 22:54:33', 104653),
(1532, 7.8, '2022-09-22 22:54:33', 104654),
(1533, -22.4, '2022-09-22 22:55:33', 104651),
(1534, -29.5, '2022-09-22 22:55:33', 104652),
(1535, -29.4, '2022-09-22 22:55:33', 104653),
(1536, 7.6, '2022-09-22 22:55:33', 104654),
(1537, -23, '2022-09-22 22:56:33', 104651),
(1538, -30.2, '2022-09-22 22:56:33', 104652),
(1539, -30, '2022-09-22 22:56:33', 104653),
(1540, 7.5, '2022-09-22 22:56:33', 104654),
(1541, -23.5, '2022-09-22 22:57:33', 104651),
(1542, -30.4, '2022-09-22 22:57:33', 104652),
(1543, -30.3, '2022-09-22 22:57:33', 104653),
(1544, 8.2, '2022-09-22 22:57:33', 104654),
(1545, -24.1, '2022-09-22 22:58:33', 104651),
(1546, -31, '2022-09-22 22:58:33', 104652),
(1547, -30.8, '2022-09-22 22:58:33', 104653),
(1548, 8.2, '2022-09-22 22:58:33', 104654),
(1549, -24.3, '2022-09-22 22:59:33', 104651),
(1550, -31.6, '2022-09-22 22:59:33', 104652),
(1551, -31.2, '2022-09-22 22:59:33', 104653),
(1552, 8.1, '2022-09-22 22:59:33', 104654),
(1553, -24.9, '2022-09-22 23:00:33', 104651),
(1554, -32.3, '2022-09-22 23:00:33', 104652),
(1555, -31.7, '2022-09-22 23:00:33', 104653),
(1556, 7.8, '2022-09-22 23:00:33', 104654),
(1557, -24.9, '2022-09-22 23:01:33', 104651),
(1558, -32.5, '2022-09-22 23:01:33', 104652),
(1559, -32.1, '2022-09-22 23:01:33', 104653),
(1560, 7.7, '2022-09-22 23:01:33', 104654),
(1561, -25.1, '2022-09-22 23:02:33', 104651),
(1562, -32.8, '2022-09-22 23:02:33', 104652),
(1563, -32.5, '2022-09-22 23:02:33', 104653),
(1564, 7.6, '2022-09-22 23:02:33', 104654),
(1565, -25.7, '2022-09-22 23:03:33', 104651),
(1566, -33.2, '2022-09-22 23:03:33', 104652),
(1567, -32.9, '2022-09-22 23:03:33', 104653),
(1568, 7.5, '2022-09-22 23:03:33', 104654),
(1569, -26.1, '2022-09-22 23:04:33', 104651),
(1570, -33.4, '2022-09-22 23:04:33', 104652),
(1571, -33.2, '2022-09-22 23:04:33', 104653),
(1572, 7.4, '2022-09-22 23:04:33', 104654),
(1573, -26.5, '2022-09-22 23:05:33', 104651),
(1574, -33.5, '2022-09-22 23:05:33', 104652),
(1575, -33.3, '2022-09-22 23:05:33', 104653),
(1576, 7.4, '2022-09-22 23:05:33', 104654),
(1577, -26.9, '2022-09-22 23:06:33', 104651),
(1578, -33.6, '2022-09-22 23:06:33', 104652),
(1579, -33.5, '2022-09-22 23:06:33', 104653),
(1580, 7.4, '2022-09-22 23:06:33', 104654),
(1581, -27.4, '2022-09-22 23:07:33', 104651),
(1582, -33.5, '2022-09-22 23:07:33', 104652),
(1583, -33.6, '2022-09-22 23:07:33', 104653),
(1584, 7.4, '2022-09-22 23:07:33', 104654),
(1585, -28.2, '2022-09-22 23:08:33', 104651),
(1586, -33.7, '2022-09-22 23:08:33', 104652),
(1587, -33.8, '2022-09-22 23:08:33', 104653),
(1588, 7.3, '2022-09-22 23:08:33', 104654),
(1589, -28.8, '2022-09-22 23:09:33', 104651),
(1590, -33.6, '2022-09-22 23:09:33', 104652),
(1591, -33.9, '2022-09-22 23:09:33', 104653),
(1592, 7.4, '2022-09-22 23:09:33', 104654),
(1593, -29.5, '2022-09-22 23:10:33', 104651),
(1594, -33.6, '2022-09-22 23:10:33', 104652),
(1595, -34, '2022-09-22 23:10:33', 104653),
(1596, 7.5, '2022-09-22 23:10:33', 104654),
(1597, -29.7, '2022-09-22 23:11:33', 104651),
(1598, -33.2, '2022-09-22 23:11:33', 104652),
(1599, -34.1, '2022-09-22 23:11:33', 104653),
(1600, 7.4, '2022-09-22 23:11:33', 104654),
(1601, -29.9, '2022-09-22 23:12:33', 104651),
(1602, -33.2, '2022-09-22 23:12:33', 104652),
(1603, -34.4, '2022-09-22 23:12:33', 104653),
(1604, 7.5, '2022-09-22 23:12:33', 104654),
(1605, -30.3, '2022-09-22 23:13:33', 104651),
(1606, -33.4, '2022-09-22 23:13:33', 104652),
(1607, -34.5, '2022-09-22 23:13:33', 104653),
(1608, 7.8, '2022-09-22 23:13:33', 104654),
(1609, -30.9, '2022-09-22 23:14:33', 104651),
(1610, -33.7, '2022-09-22 23:14:33', 104652),
(1611, -34.7, '2022-09-22 23:14:33', 104653),
(1612, 8, '2022-09-22 23:14:33', 104654),
(1613, -31.2, '2022-09-22 23:15:33', 104651),
(1614, -33.7, '2022-09-22 23:15:33', 104652),
(1615, -34.8, '2022-09-22 23:15:33', 104653),
(1616, 8.3, '2022-09-22 23:15:33', 104654),
(1617, -31.2, '2022-09-22 23:16:33', 104651),
(1618, -32.7, '2022-09-22 23:16:33', 104652),
(1619, -34.8, '2022-09-22 23:16:33', 104653),
(1620, 8, '2022-09-22 23:16:33', 104654),
(1621, -31.6, '2022-09-22 23:17:33', 104651),
(1622, -33.3, '2022-09-22 23:17:33', 104652),
(1623, -34.9, '2022-09-22 23:17:33', 104653),
(1624, 7.8, '2022-09-22 23:17:33', 104654),
(1625, -31.7, '2022-09-22 23:18:33', 104651),
(1626, -33.8, '2022-09-22 23:18:33', 104652),
(1627, -35.1, '2022-09-22 23:18:33', 104653),
(1628, 7.6, '2022-09-22 23:18:33', 104654),
(1629, -31.6, '2022-09-22 23:19:33', 104651),
(1630, -33.8, '2022-09-22 23:19:33', 104652),
(1631, -35.3, '2022-09-22 23:19:33', 104653),
(1632, 7.5, '2022-09-22 23:19:33', 104654),
(1633, -32, '2022-09-22 23:20:33', 104651),
(1634, -34.3, '2022-09-22 23:20:33', 104652),
(1635, -35.6, '2022-09-22 23:20:33', 104653),
(1636, 7.4, '2022-09-22 23:20:33', 104654),
(1637, -32.2, '2022-09-22 23:21:33', 104651),
(1638, -34.5, '2022-09-22 23:21:33', 104652),
(1639, -35.9, '2022-09-22 23:21:33', 104653),
(1640, 7.2, '2022-09-22 23:21:33', 104654),
(1641, -32.5, '2022-09-22 23:22:33', 104651),
(1642, -34.9, '2022-09-22 23:22:33', 104652),
(1643, -35.9, '2022-09-22 23:22:33', 104653),
(1644, 7.4, '2022-09-22 23:22:33', 104654),
(1645, -32.5, '2022-09-22 23:23:33', 104651),
(1646, -34.9, '2022-09-22 23:23:33', 104652),
(1647, -36.3, '2022-09-22 23:23:33', 104653),
(1648, 7.1, '2022-09-22 23:23:33', 104654),
(1649, -33.1, '2022-09-22 23:24:33', 104651),
(1650, -35.4, '2022-09-22 23:24:33', 104652),
(1651, -36.4, '2022-09-22 23:24:33', 104653),
(1652, 7.1, '2022-09-22 23:24:33', 104654),
(1653, -33.3, '2022-09-22 23:25:33', 104651),
(1654, -35.6, '2022-09-22 23:25:33', 104652),
(1655, -36.6, '2022-09-22 23:25:33', 104653),
(1656, 7.1, '2022-09-22 23:25:33', 104654),
(1657, -33.3, '2022-09-22 23:26:33', 104651),
(1658, -35.6, '2022-09-22 23:26:33', 104652),
(1659, -36.6, '2022-09-22 23:26:33', 104653),
(1660, 7.2, '2022-09-22 23:26:33', 104654),
(1661, -33.6, '2022-09-22 23:27:33', 104651),
(1662, -35.9, '2022-09-22 23:27:33', 104652),
(1663, -36.8, '2022-09-22 23:27:33', 104653),
(1664, 7.2, '2022-09-22 23:27:33', 104654),
(1665, -33.8, '2022-09-22 23:28:33', 104651),
(1666, -36, '2022-09-22 23:28:33', 104652),
(1667, -36.7, '2022-09-22 23:28:33', 104653),
(1668, 7.4, '2022-09-22 23:28:33', 104654),
(1669, -33.7, '2022-09-22 23:29:33', 104651),
(1670, -36, '2022-09-22 23:29:33', 104652),
(1671, -37, '2022-09-22 23:29:33', 104653),
(1672, 7.2, '2022-09-22 23:29:33', 104654),
(1673, -34, '2022-09-22 23:30:33', 104651),
(1674, -36.3, '2022-09-22 23:30:33', 104652),
(1675, -37, '2022-09-22 23:30:33', 104653),
(1676, 7.3, '2022-09-22 23:30:33', 104654),
(1677, -34, '2022-09-22 23:31:33', 104651),
(1678, -36.1, '2022-09-22 23:31:33', 104652),
(1679, -37.2, '2022-09-22 23:31:33', 104653),
(1680, 7.4, '2022-09-22 23:31:33', 104654),
(1681, -34.3, '2022-09-22 23:32:33', 104651),
(1682, -36.5, '2022-09-22 23:32:33', 104652),
(1683, -37.3, '2022-09-22 23:32:33', 104653),
(1684, 7.4, '2022-09-22 23:32:33', 104654),
(1685, -34.3, '2022-09-22 23:33:34', 104651),
(1686, -36.4, '2022-09-22 23:33:34', 104652),
(1687, -37.3, '2022-09-22 23:33:34', 104653),
(1688, 7.4, '2022-09-22 23:33:34', 104654),
(1689, -34.6, '2022-09-22 23:34:34', 104651),
(1690, -36.7, '2022-09-22 23:34:34', 104652),
(1691, -37.4, '2022-09-22 23:34:34', 104653),
(1692, 7.4, '2022-09-22 23:34:34', 104654),
(1693, -34.5, '2022-09-22 23:35:34', 104651),
(1694, -36.6, '2022-09-22 23:35:34', 104652),
(1695, -37.5, '2022-09-22 23:35:34', 104653),
(1696, 7.4, '2022-09-22 23:35:34', 104654),
(1697, -34.7, '2022-09-22 23:36:34', 104651),
(1698, -36.8, '2022-09-22 23:36:34', 104652),
(1699, -37.4, '2022-09-22 23:36:34', 104653),
(1700, 7.6, '2022-09-22 23:36:34', 104654),
(1701, -34.7, '2022-09-22 23:37:34', 104651),
(1702, -36.8, '2022-09-22 23:37:34', 104652),
(1703, -37.6, '2022-09-22 23:37:34', 104653),
(1704, 7.6, '2022-09-22 23:37:34', 104654),
(1705, -34.8, '2022-09-22 23:38:34', 104651),
(1706, -36.8, '2022-09-22 23:38:34', 104652),
(1707, -37.7, '2022-09-22 23:38:34', 104653),
(1708, 7.6, '2022-09-22 23:38:34', 104654),
(1709, -35, '2022-09-22 23:39:34', 104651),
(1710, -37, '2022-09-22 23:39:34', 104652),
(1711, -37.8, '2022-09-22 23:39:34', 104653),
(1712, 7.6, '2022-09-22 23:39:34', 104654),
(1713, -35.2, '2022-09-22 23:40:34', 104651),
(1714, -36.3, '2022-09-22 23:40:34', 104652),
(1715, -37.6, '2022-09-22 23:40:34', 104653),
(1716, 7.9, '2022-09-22 23:40:34', 104654),
(1717, -35.2, '2022-09-22 23:41:34', 104651),
(1718, -33.4, '2022-09-22 23:41:34', 104652),
(1719, -36.4, '2022-09-22 23:41:34', 104653),
(1720, 7.1, '2022-09-22 23:41:34', 104654),
(1721, -34.4, '2022-09-22 23:42:34', 104651),
(1722, -28.3, '2022-09-22 23:42:34', 104652),
(1723, -31.4, '2022-09-22 23:42:34', 104653),
(1724, 8, '2022-09-22 23:42:34', 104654),
(1725, -33.8, '2022-09-22 23:43:34', 104651),
(1726, -28.1, '2022-09-22 23:43:34', 104652),
(1727, -31.2, '2022-09-22 23:43:34', 104653),
(1728, 8.2, '2022-09-22 23:43:34', 104654),
(1729, -33.7, '2022-09-22 23:44:34', 104651),
(1730, -31.5, '2022-09-22 23:44:34', 104652),
(1731, -33.9, '2022-09-22 23:44:34', 104653),
(1732, 7.9, '2022-09-22 23:44:34', 104654),
(1733, -33.5, '2022-09-22 23:45:34', 104651),
(1734, -33.8, '2022-09-22 23:45:34', 104652),
(1735, -34.9, '2022-09-22 23:45:34', 104653),
(1736, 7.8, '2022-09-22 23:45:34', 104654),
(1737, -33.3, '2022-09-22 23:46:34', 104651),
(1738, -34.5, '2022-09-22 23:46:34', 104652),
(1739, -34.8, '2022-09-22 23:46:34', 104653),
(1740, 7.7, '2022-09-22 23:46:34', 104654),
(1741, -33.5, '2022-09-22 23:47:34', 104651),
(1742, -35.4, '2022-09-22 23:47:34', 104652),
(1743, -34.8, '2022-09-22 23:47:34', 104653),
(1744, 7.6, '2022-09-22 23:47:34', 104654),
(1745, -33.8, '2022-09-22 23:48:34', 104651),
(1746, -36.2, '2022-09-22 23:48:34', 104652),
(1747, -34.9, '2022-09-22 23:48:34', 104653),
(1748, 7.5, '2022-09-22 23:48:34', 104654),
(1749, -33.9, '2022-09-22 23:49:34', 104651),
(1750, -36.6, '2022-09-22 23:49:34', 104652),
(1751, -35.6, '2022-09-22 23:49:34', 104653),
(1752, 7.4, '2022-09-22 23:49:34', 104654),
(1753, -34.1, '2022-09-22 23:50:34', 104651),
(1754, -36.8, '2022-09-22 23:50:34', 104652),
(1755, -36.3, '2022-09-22 23:50:34', 104653),
(1756, 7.3, '2022-09-22 23:50:34', 104654),
(1757, -34.5, '2022-09-22 23:51:34', 104651),
(1758, -36.8, '2022-09-22 23:51:34', 104652),
(1759, -36.9, '2022-09-22 23:51:34', 104653),
(1760, 7.3, '2022-09-22 23:51:34', 104654),
(1761, -34.8, '2022-09-22 23:52:34', 104651),
(1762, -36.7, '2022-09-22 23:52:34', 104652),
(1763, -37.3, '2022-09-22 23:52:34', 104653),
(1764, 7.4, '2022-09-22 23:52:34', 104654),
(1765, -35, '2022-09-22 23:53:34', 104651),
(1766, -36.5, '2022-09-22 23:53:34', 104652),
(1767, -37.7, '2022-09-22 23:53:34', 104653),
(1768, 7.4, '2022-09-22 23:53:34', 104654),
(1769, -35.3, '2022-09-22 23:54:34', 104651),
(1770, -36.6, '2022-09-22 23:54:34', 104652),
(1771, -37.9, '2022-09-22 23:54:34', 104653),
(1772, 7.4, '2022-09-22 23:54:34', 104654),
(1773, -35.3, '2022-09-22 23:55:34', 104651),
(1774, -36.9, '2022-09-22 23:55:34', 104652),
(1775, -37.3, '2022-09-22 23:55:34', 104653),
(1776, 7.5, '2022-09-22 23:55:34', 104654),
(1777, -35.3, '2022-09-22 23:56:34', 104651),
(1778, -37.3, '2022-09-22 23:56:34', 104652),
(1779, -37.2, '2022-09-22 23:56:34', 104653),
(1780, 7.4, '2022-09-22 23:56:34', 104654),
(1781, -35.8, '2022-09-22 23:57:34', 104651),
(1782, -37.5, '2022-09-22 23:57:34', 104652),
(1783, -37.4, '2022-09-22 23:57:34', 104653),
(1784, 7.5, '2022-09-22 23:57:34', 104654),
(1785, -35.6, '2022-09-22 23:58:34', 104651),
(1786, -37.3, '2022-09-22 23:58:34', 104652),
(1787, -37.6, '2022-09-22 23:58:34', 104653),
(1788, 7.6, '2022-09-22 23:58:34', 104654),
(1789, -35.6, '2022-09-22 23:59:34', 104651),
(1790, -37.2, '2022-09-22 23:59:34', 104652),
(1791, -37.8, '2022-09-22 23:59:34', 104653),
(1792, 7.6, '2022-09-22 23:59:34', 104654),
(1793, -35.8, '2022-09-23 00:00:34', 104651),
(1794, -37.3, '2022-09-23 00:00:34', 104652),
(1795, -38.3, '2022-09-23 00:00:34', 104653),
(1796, 7.5, '2022-09-23 00:00:34', 104654),
(1797, -36.2, '2022-09-23 00:01:34', 104651),
(1798, -37.5, '2022-09-23 00:01:34', 104652),
(1799, -38.5, '2022-09-23 00:01:34', 104653),
(1800, 7.5, '2022-09-23 00:01:34', 104654),
(1801, -36.1, '2022-09-23 00:02:34', 104651),
(1802, -37.3, '2022-09-23 00:02:34', 104652),
(1803, -38.7, '2022-09-23 00:02:34', 104653),
(1804, 7.5, '2022-09-23 00:02:34', 104654),
(1805, -36, '2022-09-23 00:03:34', 104651),
(1806, -37.4, '2022-09-23 00:03:34', 104652),
(1807, -38.2, '2022-09-23 00:03:34', 104653),
(1808, 7.8, '2022-09-23 00:03:34', 104654),
(1809, -36.1, '2022-09-23 00:04:34', 104651),
(1810, -37.7, '2022-09-23 00:04:34', 104652),
(1811, -37.7, '2022-09-23 00:04:34', 104653),
(1812, 8.7, '2022-09-23 00:04:34', 104654),
(1813, -35.9, '2022-09-23 00:05:34', 104651),
(1814, -35.2, '2022-09-23 00:05:34', 104652),
(1815, -37, '2022-09-23 00:05:34', 104653),
(1816, 9.4, '2022-09-23 00:05:34', 104654),
(1817, -34.2, '2022-09-23 00:06:34', 104651),
(1818, -22.1, '2022-09-23 00:06:34', 104652),
(1819, -26.9, '2022-09-23 00:06:34', 104653),
(1820, 10, '2022-09-23 00:06:34', 104654),
(1821, -32.1, '2022-09-23 00:07:34', 104651),
(1822, -17.6, '2022-09-23 00:07:34', 104652),
(1823, -22.5, '2022-09-23 00:07:34', 104653),
(1824, 9.8, '2022-09-23 00:07:34', 104654),
(1825, -31.6, '2022-09-23 00:08:34', 104651),
(1826, -25.7, '2022-09-23 00:08:34', 104652),
(1827, -29, '2022-09-23 00:08:34', 104653),
(1828, 10.1, '2022-09-23 00:08:34', 104654),
(1829, -32.7, '2022-09-23 00:09:34', 104651),
(1830, -32.2, '2022-09-23 00:09:34', 104652),
(1831, -32.3, '2022-09-23 00:09:34', 104653),
(1832, 9.9, '2022-09-23 00:09:34', 104654),
(1833, -32.8, '2022-09-23 00:10:34', 104651),
(1834, -33.4, '2022-09-23 00:10:34', 104652),
(1835, -31.8, '2022-09-23 00:10:34', 104653),
(1836, 9.8, '2022-09-23 00:10:34', 104654),
(1837, -33.2, '2022-09-23 00:11:34', 104651),
(1838, -33.5, '2022-09-23 00:11:34', 104652),
(1839, -31.6, '2022-09-23 00:11:34', 104653),
(1840, 9.6, '2022-09-23 00:11:34', 104654),
(1841, -33.6, '2022-09-23 00:12:34', 104651),
(1842, -34.2, '2022-09-23 00:12:34', 104652),
(1843, -31.9, '2022-09-23 00:12:34', 104653),
(1844, 9.2, '2022-09-23 00:12:34', 104654),
(1845, -33.6, '2022-09-23 00:13:34', 104651),
(1846, -34.6, '2022-09-23 00:13:34', 104652),
(1847, -32.5, '2022-09-23 00:13:34', 104653),
(1848, 9.4, '2022-09-23 00:13:34', 104654),
(1849, -33.6, '2022-09-23 00:14:34', 104651),
(1850, -33.2, '2022-09-23 00:14:34', 104652),
(1851, -33.3, '2022-09-23 00:14:34', 104653),
(1852, 9.2, '2022-09-23 00:14:34', 104654),
(1853, -33.8, '2022-09-23 00:15:34', 104651),
(1854, -31.5, '2022-09-23 00:15:34', 104652),
(1855, -33.4, '2022-09-23 00:15:34', 104653),
(1856, 8.3, '2022-09-23 00:15:34', 104654),
(1857, -33.8, '2022-09-23 00:16:34', 104651),
(1858, -31.5, '2022-09-23 00:16:34', 104652),
(1859, -33.8, '2022-09-23 00:16:34', 104653),
(1860, 8, '2022-09-23 00:16:34', 104654),
(1861, -34, '2022-09-23 00:17:34', 104651),
(1862, -32, '2022-09-23 00:17:34', 104652),
(1863, -34.2, '2022-09-23 00:17:34', 104653),
(1864, 7.9, '2022-09-23 00:17:34', 104654),
(1865, -34, '2022-09-23 00:18:34', 104651),
(1866, -32.4, '2022-09-23 00:18:34', 104652),
(1867, -34.6, '2022-09-23 00:18:34', 104653),
(1868, 7.8, '2022-09-23 00:18:34', 104654),
(1869, -34.1, '2022-09-23 00:19:34', 104651),
(1870, -32.8, '2022-09-23 00:19:34', 104652),
(1871, -35.1, '2022-09-23 00:19:34', 104653),
(1872, 7.8, '2022-09-23 00:19:34', 104654),
(1873, -34.2, '2022-09-23 00:20:34', 104651),
(1874, -33.2, '2022-09-23 00:20:34', 104652),
(1875, -35.4, '2022-09-23 00:20:34', 104653),
(1876, 7.6, '2022-09-23 00:20:34', 104654),
(1877, -34.2, '2022-09-23 00:21:34', 104651),
(1878, -33.7, '2022-09-23 00:21:34', 104652),
(1879, -35.5, '2022-09-23 00:21:34', 104653),
(1880, 7.5, '2022-09-23 00:21:34', 104654),
(1881, -34.3, '2022-09-23 00:22:34', 104651),
(1882, -34.1, '2022-09-23 00:22:34', 104652),
(1883, -35.2, '2022-09-23 00:22:34', 104653),
(1884, 7.4, '2022-09-23 00:22:34', 104654),
(1885, -34.5, '2022-09-23 00:23:34', 104651),
(1886, -34.4, '2022-09-23 00:23:34', 104652),
(1887, -35.3, '2022-09-23 00:23:34', 104653),
(1888, 7.3, '2022-09-23 00:23:34', 104654),
(1889, -34.6, '2022-09-23 00:24:34', 104651),
(1890, -34.6, '2022-09-23 00:24:34', 104652),
(1891, -35.6, '2022-09-23 00:24:34', 104653),
(1892, 7.3, '2022-09-23 00:24:34', 104654),
(1893, -34.9, '2022-09-23 00:25:34', 104651),
(1894, -34.9, '2022-09-23 00:25:34', 104652),
(1895, -35.9, '2022-09-23 00:25:34', 104653),
(1896, 7.3, '2022-09-23 00:25:34', 104654),
(1897, -34.9, '2022-09-23 00:26:34', 104651),
(1898, -34.9, '2022-09-23 00:26:34', 104652),
(1899, -36.2, '2022-09-23 00:26:34', 104653),
(1900, 7.3, '2022-09-23 00:26:34', 104654),
(1901, -34.9, '2022-09-23 00:27:34', 104651),
(1902, -34.9, '2022-09-23 00:27:34', 104652),
(1903, -36.4, '2022-09-23 00:27:34', 104653),
(1904, 7.5, '2022-09-23 00:27:34', 104654),
(1905, -35.1, '2022-09-23 00:28:34', 104651),
(1906, -35.1, '2022-09-23 00:28:34', 104652),
(1907, -36.7, '2022-09-23 00:28:34', 104653),
(1908, 7.5, '2022-09-23 00:28:34', 104654),
(1909, -35.1, '2022-09-23 00:29:34', 104651),
(1910, -35.3, '2022-09-23 00:29:34', 104652),
(1911, -36.6, '2022-09-23 00:29:34', 104653),
(1912, 7.5, '2022-09-23 00:29:34', 104654),
(1913, -35.4, '2022-09-23 00:30:34', 104651),
(1914, -35.8, '2022-09-23 00:30:34', 104652),
(1915, -36, '2022-09-23 00:30:34', 104653),
(1916, 7.7, '2022-09-23 00:30:34', 104654),
(1917, -35.4, '2022-09-23 00:31:34', 104651),
(1918, -35.8, '2022-09-23 00:31:34', 104652),
(1919, -36.1, '2022-09-23 00:31:34', 104653),
(1920, 7.5, '2022-09-23 00:31:34', 104654),
(1921, -35.5, '2022-09-23 00:32:34', 104651),
(1922, -35.8, '2022-09-23 00:32:34', 104652),
(1923, -36.4, '2022-09-23 00:32:34', 104653),
(1924, 7.5, '2022-09-23 00:32:34', 104654),
(1925, -35.7, '2022-09-23 00:33:34', 104651),
(1926, -36, '2022-09-23 00:33:34', 104652),
(1927, -36.7, '2022-09-23 00:33:34', 104653),
(1928, 7.5, '2022-09-23 00:33:34', 104654),
(1929, -35.7, '2022-09-23 00:34:34', 104651),
(1930, -36, '2022-09-23 00:34:34', 104652),
(1931, -36.9, '2022-09-23 00:34:34', 104653),
(1932, 7.7, '2022-09-23 00:34:34', 104654),
(1933, -35.6, '2022-09-23 00:35:34', 104651),
(1934, -35.9, '2022-09-23 00:35:34', 104652),
(1935, -37.4, '2022-09-23 00:35:34', 104653),
(1936, 7.6, '2022-09-23 00:35:34', 104654),
(1937, -35.6, '2022-09-23 00:36:35', 104651),
(1938, -35.9, '2022-09-23 00:36:35', 104652),
(1939, -37.7, '2022-09-23 00:36:35', 104653),
(1940, 7.6, '2022-09-23 00:36:35', 104654),
(1941, -35.9, '2022-09-23 00:37:35', 104651),
(1942, -36.2, '2022-09-23 00:37:35', 104652),
(1943, -37.7, '2022-09-23 00:37:35', 104653),
(1944, 7.8, '2022-09-23 00:37:35', 104654),
(1945, -36.1, '2022-09-23 00:38:35', 104651),
(1946, -36.5, '2022-09-23 00:38:35', 104652),
(1947, -37, '2022-09-23 00:38:35', 104653),
(1948, 7.9, '2022-09-23 00:38:35', 104654),
(1949, -36.2, '2022-09-23 00:39:35', 104651),
(1950, -36.7, '2022-09-23 00:39:35', 104652),
(1951, -36.8, '2022-09-23 00:39:35', 104653),
(1952, 8, '2022-09-23 00:39:35', 104654),
(1953, -36.2, '2022-09-23 00:40:35', 104651),
(1954, -36.7, '2022-09-23 00:40:35', 104652),
(1955, -37, '2022-09-23 00:40:35', 104653),
(1956, 8, '2022-09-23 00:40:35', 104654),
(1957, -36.6, '2022-09-23 00:41:35', 104651),
(1958, -36.9, '2022-09-23 00:41:35', 104652),
(1959, -37.2, '2022-09-23 00:41:35', 104653),
(1960, 8.1, '2022-09-23 00:41:35', 104654),
(1961, -36.4, '2022-09-23 00:42:35', 104651),
(1962, -36.5, '2022-09-23 00:42:35', 104652),
(1963, -37.4, '2022-09-23 00:42:35', 104653),
(1964, 8.1, '2022-09-23 00:42:35', 104654),
(1965, -36.7, '2022-09-23 00:43:35', 104651),
(1966, -36.7, '2022-09-23 00:43:35', 104652),
(1967, -37.7, '2022-09-23 00:43:35', 104653),
(1968, 8.1, '2022-09-23 00:43:35', 104654),
(1969, -36.8, '2022-09-23 00:44:35', 104651),
(1970, -36.7, '2022-09-23 00:44:35', 104652),
(1971, -38.1, '2022-09-23 00:44:35', 104653),
(1972, 8, '2022-09-23 00:44:35', 104654),
(1973, -36.7, '2022-09-23 00:45:35', 104651),
(1974, -36.6, '2022-09-23 00:45:35', 104652),
(1975, -38.5, '2022-09-23 00:45:35', 104653),
(1976, 7.9, '2022-09-23 00:45:35', 104654),
(1977, -36.8, '2022-09-23 00:46:35', 104651),
(1978, -37, '2022-09-23 00:46:35', 104652),
(1979, -38.2, '2022-09-23 00:46:35', 104653),
(1980, 8, '2022-09-23 00:46:35', 104654),
(1981, -37.1, '2022-09-23 00:47:35', 104651),
(1982, -37.5, '2022-09-23 00:47:35', 104652),
(1983, -37.6, '2022-09-23 00:47:35', 104653),
(1984, 8.1, '2022-09-23 00:47:35', 104654),
(1985, -37.2, '2022-09-23 00:48:35', 104651),
(1986, -37.5, '2022-09-23 00:48:35', 104652),
(1987, -37.4, '2022-09-23 00:48:35', 104653),
(1988, 8.1, '2022-09-23 00:48:35', 104654),
(1989, -37.3, '2022-09-23 00:49:35', 104651),
(1990, -37.5, '2022-09-23 00:49:35', 104652),
(1991, -37.4, '2022-09-23 00:49:35', 104653),
(1992, 8.2, '2022-09-23 00:49:35', 104654),
(1993, -37.5, '2022-09-23 00:50:35', 104651),
(1994, -37.5, '2022-09-23 00:50:35', 104652),
(1995, -37.9, '2022-09-23 00:50:35', 104653),
(1996, 8.1, '2022-09-23 00:50:35', 104654),
(1997, -37.6, '2022-09-23 00:51:35', 104651),
(1998, -37.6, '2022-09-23 00:51:35', 104652),
(1999, -38.3, '2022-09-23 00:51:35', 104653),
(2000, 8, '2022-09-23 00:51:35', 104654),
(2001, -37.6, '2022-09-23 00:52:35', 104651),
(2002, -37.7, '2022-09-23 00:52:35', 104652),
(2003, -38.7, '2022-09-23 00:52:35', 104653),
(2004, 8.3, '2022-09-23 00:52:35', 104654),
(2005, -37.9, '2022-09-23 00:53:35', 104651),
(2006, -38, '2022-09-23 00:53:35', 104652),
(2007, -39, '2022-09-23 00:53:35', 104653),
(2008, 9.3, '2022-09-23 00:53:35', 104654),
(2009, -37.5, '2022-09-23 00:54:35', 104651),
(2010, -29.7, '2022-09-23 00:54:35', 104652),
(2011, -33.1, '2022-09-23 00:54:35', 104653),
(2012, 9.7, '2022-09-23 00:54:35', 104654),
(2013, -34.9, '2022-09-23 00:55:35', 104651),
(2014, -21.4, '2022-09-23 00:55:35', 104652),
(2015, -25.5, '2022-09-23 00:55:35', 104653),
(2016, 9.7, '2022-09-23 00:55:35', 104654),
(2017, -32.7, '2022-09-23 00:56:35', 104651),
(2018, -17.4, '2022-09-23 00:56:35', 104652),
(2019, -22.5, '2022-09-23 00:56:35', 104653),
(2020, 9.5, '2022-09-23 00:56:35', 104654),
(2021, -33.9, '2022-09-23 00:57:35', 104651),
(2022, -28.8, '2022-09-23 00:57:35', 104652),
(2023, -28.9, '2022-09-23 00:57:35', 104653),
(2024, 9.6, '2022-09-23 00:57:35', 104654),
(2025, -35.2, '2022-09-23 00:58:35', 104651),
(2026, -32.5, '2022-09-23 00:58:35', 104652),
(2027, -27.7, '2022-09-23 00:58:35', 104653),
(2028, 9.7, '2022-09-23 00:58:35', 104654),
(2029, -35.7, '2022-09-23 00:59:35', 104651),
(2030, -33.5, '2022-09-23 00:59:35', 104652),
(2031, -26.9, '2022-09-23 00:59:35', 104653),
(2032, 9.9, '2022-09-23 00:59:35', 104654),
(2033, -36.2, '2022-09-23 01:00:35', 104651),
(2034, -34.2, '2022-09-23 01:00:35', 104652),
(2035, -26.9, '2022-09-23 01:00:35', 104653),
(2036, 9.9, '2022-09-23 01:00:35', 104654),
(2037, -36.2, '2022-09-23 01:01:35', 104651),
(2038, -34.7, '2022-09-23 01:01:35', 104652),
(2039, -27.2, '2022-09-23 01:01:35', 104653),
(2040, 9.7, '2022-09-23 01:01:35', 104654),
(2041, -36.2, '2022-09-23 01:02:35', 104651),
(2042, -35, '2022-09-23 01:02:35', 104652),
(2043, -27.7, '2022-09-23 01:02:35', 104653),
(2044, 9.5, '2022-09-23 01:02:35', 104654),
(2045, -36.4, '2022-09-23 01:03:35', 104651),
(2046, -35.4, '2022-09-23 01:03:35', 104652),
(2047, -27.9, '2022-09-23 01:03:35', 104653),
(2048, 9.5, '2022-09-23 01:03:35', 104654),
(2049, -36.5, '2022-09-23 01:04:35', 104651),
(2050, -35.6, '2022-09-23 01:04:35', 104652),
(2051, -28.1, '2022-09-23 01:04:35', 104653),
(2052, 9.4, '2022-09-23 01:04:35', 104654),
(2053, -36.8, '2022-09-23 01:05:35', 104651),
(2054, -35.9, '2022-09-23 01:05:35', 104652),
(2055, -28.4, '2022-09-23 01:05:35', 104653),
(2056, 9.3, '2022-09-23 01:05:35', 104654),
(2057, -36.5, '2022-09-23 01:06:35', 104651),
(2058, -35.7, '2022-09-23 01:06:35', 104652),
(2059, -28.6, '2022-09-23 01:06:35', 104653),
(2060, 9.3, '2022-09-23 01:06:35', 104654),
(2061, -36.8, '2022-09-23 01:07:35', 104651),
(2062, -35.9, '2022-09-23 01:07:35', 104652),
(2063, -28.9, '2022-09-23 01:07:35', 104653),
(2064, 9.1, '2022-09-23 01:07:35', 104654),
(2065, -36.7, '2022-09-23 01:08:35', 104651),
(2066, -35.8, '2022-09-23 01:08:35', 104652),
(2067, -29.1, '2022-09-23 01:08:35', 104653),
(2068, 9.5, '2022-09-23 01:08:35', 104654),
(2069, -36.4, '2022-09-23 01:09:35', 104651),
(2070, -35.5, '2022-09-23 01:09:35', 104652),
(2071, -30.2, '2022-09-23 01:09:35', 104653),
(2072, 9.5, '2022-09-23 01:09:35', 104654),
(2073, -36.7, '2022-09-23 01:10:35', 104651),
(2074, -35.7, '2022-09-23 01:10:35', 104652),
(2075, -31.2, '2022-09-23 01:10:35', 104653),
(2076, 9.5, '2022-09-23 01:10:35', 104654),
(2077, -36.8, '2022-09-23 01:11:35', 104651),
(2078, -35.8, '2022-09-23 01:11:35', 104652),
(2079, -31.9, '2022-09-23 01:11:35', 104653),
(2080, 9.6, '2022-09-23 01:11:35', 104654),
(2081, -36.9, '2022-09-23 01:12:35', 104651),
(2082, -35.9, '2022-09-23 01:12:35', 104652),
(2083, -32.7, '2022-09-23 01:12:35', 104653),
(2084, 9.6, '2022-09-23 01:12:35', 104654),
(2085, -37, '2022-09-23 01:13:35', 104651),
(2086, -35.9, '2022-09-23 01:13:35', 104652),
(2087, -33.3, '2022-09-23 01:13:35', 104653),
(2088, 9.7, '2022-09-23 01:13:35', 104654),
(2089, -36.9, '2022-09-23 01:14:35', 104651),
(2090, -35.6, '2022-09-23 01:14:35', 104652),
(2091, -33.9, '2022-09-23 01:14:35', 104653),
(2092, 9.8, '2022-09-23 01:14:35', 104654),
(2093, -37.1, '2022-09-23 01:15:35', 104651),
(2094, -35.7, '2022-09-23 01:15:35', 104652),
(2095, -34.4, '2022-09-23 01:15:35', 104653),
(2096, 9.8, '2022-09-23 01:15:35', 104654),
(2097, -37.4, '2022-09-23 01:16:35', 104651),
(2098, -35.9, '2022-09-23 01:16:35', 104652),
(2099, -34.9, '2022-09-23 01:16:35', 104653),
(2100, 9.7, '2022-09-23 01:16:35', 104654),
(2101, -37.5, '2022-09-23 01:17:35', 104651),
(2102, -36, '2022-09-23 01:17:35', 104652),
(2103, -35.1, '2022-09-23 01:17:35', 104653),
(2104, 9.8, '2022-09-23 01:17:35', 104654),
(2105, -37.6, '2022-09-23 01:18:35', 104651),
(2106, -36.3, '2022-09-23 01:18:35', 104652),
(2107, -35.3, '2022-09-23 01:18:35', 104653),
(2108, 9.8, '2022-09-23 01:18:35', 104654),
(2109, -37.6, '2022-09-23 01:19:35', 104651),
(2110, -36.5, '2022-09-23 01:19:35', 104652),
(2111, -35.3, '2022-09-23 01:19:35', 104653),
(2112, 9.7, '2022-09-23 01:19:35', 104654),
(2113, -37.6, '2022-09-23 01:20:35', 104651),
(2114, -36.4, '2022-09-23 01:20:35', 104652),
(2115, -35.4, '2022-09-23 01:20:35', 104653),
(2116, 9.9, '2022-09-23 01:20:35', 104654),
(2117, -37.7, '2022-09-23 01:21:35', 104651),
(2118, -36.6, '2022-09-23 01:21:35', 104652),
(2119, -35.8, '2022-09-23 01:21:35', 104653),
(2120, 9.8, '2022-09-23 01:21:35', 104654),
(2121, -37.8, '2022-09-23 01:22:35', 104651),
(2122, -36.6, '2022-09-23 01:22:35', 104652),
(2123, -36.1, '2022-09-23 01:22:35', 104653),
(2124, 9.7, '2022-09-23 01:22:35', 104654),
(2125, -37.8, '2022-09-23 01:23:35', 104651),
(2126, -36.4, '2022-09-23 01:23:35', 104652),
(2127, -36.1, '2022-09-23 01:23:35', 104653),
(2128, 9.9, '2022-09-23 01:23:35', 104654),
(2129, -37.9, '2022-09-23 01:24:35', 104651),
(2130, -36.5, '2022-09-23 01:24:35', 104652),
(2131, -36.3, '2022-09-23 01:24:35', 104653),
(2132, 9.8, '2022-09-23 01:24:35', 104654),
(2133, -38.2, '2022-09-23 01:25:35', 104651),
(2134, -36.9, '2022-09-23 01:25:35', 104652),
(2135, -36.3, '2022-09-23 01:25:35', 104653),
(2136, 10, '2022-09-23 01:25:35', 104654),
(2137, -38, '2022-09-23 01:26:35', 104651),
(2138, -36.9, '2022-09-23 01:26:35', 104652),
(2139, -36.4, '2022-09-23 01:26:35', 104653),
(2140, 9.9, '2022-09-23 01:26:35', 104654),
(2141, -37.9, '2022-09-23 01:27:35', 104651),
(2142, -37.1, '2022-09-23 01:27:35', 104652),
(2143, -36.6, '2022-09-23 01:27:35', 104653),
(2144, 9.9, '2022-09-23 01:27:35', 104654),
(2145, -37.9, '2022-09-23 01:28:35', 104651),
(2146, -37.3, '2022-09-23 01:28:35', 104652),
(2147, -36.7, '2022-09-23 01:28:35', 104653),
(2148, 9.9, '2022-09-23 01:28:35', 104654),
(2149, -37.8, '2022-09-23 01:29:35', 104651),
(2150, -29.6, '2022-09-23 01:29:35', 104652),
(2151, -32.2, '2022-09-23 01:29:35', 104653),
(2152, 10.3, '2022-09-23 01:29:35', 104654),
(2153, -34.3, '2022-09-23 01:30:35', 104651),
(2154, -17.9, '2022-09-23 01:30:35', 104652),
(2155, -21.9, '2022-09-23 01:30:35', 104653),
(2156, 10.7, '2022-09-23 01:30:35', 104654),
(2157, -30.9, '2022-09-23 01:31:35', 104651),
(2158, -14.7, '2022-09-23 01:31:35', 104652),
(2159, -18.8, '2022-09-23 01:31:35', 104653),
(2160, 11.1, '2022-09-23 01:31:35', 104654),
(2161, -29, '2022-09-23 01:32:35', 104651),
(2162, -15.2, '2022-09-23 01:32:35', 104652),
(2163, -19.1, '2022-09-23 01:32:35', 104653),
(2164, 11.2, '2022-09-23 01:32:35', 104654),
(2165, -32.7, '2022-09-23 01:33:35', 104651),
(2166, -28.6, '2022-09-23 01:33:35', 104652),
(2167, -31, '2022-09-23 01:33:35', 104653),
(2168, 10.9, '2022-09-23 01:33:35', 104654),
(2169, -34.8, '2022-09-23 01:34:36', 104651),
(2170, -32.6, '2022-09-23 01:34:36', 104652),
(2171, -33.3, '2022-09-23 01:34:36', 104653),
(2172, 10.8, '2022-09-23 01:34:36', 104654),
(2173, -36.1, '2022-09-23 01:35:36', 104651),
(2174, -34, '2022-09-23 01:35:36', 104652),
(2175, -34.2, '2022-09-23 01:35:36', 104653),
(2176, 10.5, '2022-09-23 01:35:36', 104654),
(2177, -36.8, '2022-09-23 01:36:36', 104651),
(2178, -34.8, '2022-09-23 01:36:36', 104652),
(2179, -35.1, '2022-09-23 01:36:36', 104653),
(2180, 10.3, '2022-09-23 01:36:36', 104654),
(2181, -37.4, '2022-09-23 01:37:36', 104651),
(2182, -35.4, '2022-09-23 01:37:36', 104652),
(2183, -35.7, '2022-09-23 01:37:36', 104653),
(2184, 10.1, '2022-09-23 01:37:36', 104654),
(2185, -38, '2022-09-23 01:38:36', 104651),
(2186, -36, '2022-09-23 01:38:36', 104652),
(2187, -36.2, '2022-09-23 01:38:36', 104653),
(2188, 9.9, '2022-09-23 01:38:36', 104654),
(2189, -38, '2022-09-23 01:39:36', 104651),
(2190, -36, '2022-09-23 01:39:36', 104652),
(2191, -36.4, '2022-09-23 01:39:36', 104653),
(2192, 10, '2022-09-23 01:39:36', 104654),
(2193, -38.4, '2022-09-23 01:40:36', 104651),
(2194, -37, '2022-09-23 01:40:36', 104652),
(2195, -36.6, '2022-09-23 01:40:36', 104653),
(2196, 9.7, '2022-09-23 01:40:36', 104654),
(2197, -38.1, '2022-09-23 01:41:36', 104651),
(2198, -37.1, '2022-09-23 01:41:36', 104652),
(2199, -36.8, '2022-09-23 01:41:36', 104653),
(2200, 9.5, '2022-09-23 01:41:36', 104654),
(2201, -38.4, '2022-09-23 01:42:36', 104651),
(2202, -37.5, '2022-09-23 01:42:36', 104652),
(2203, -37, '2022-09-23 01:42:36', 104653),
(2204, 9.5, '2022-09-23 01:42:36', 104654),
(2205, -38.5, '2022-09-23 01:43:36', 104651),
(2206, -37.6, '2022-09-23 01:43:36', 104652),
(2207, -37.2, '2022-09-23 01:43:36', 104653),
(2208, 9.7, '2022-09-23 01:43:36', 104654),
(2209, -38.7, '2022-09-23 01:44:36', 104651),
(2210, -37.8, '2022-09-23 01:44:36', 104652),
(2211, -37.5, '2022-09-23 01:44:36', 104653),
(2212, 9.4, '2022-09-23 01:44:36', 104654),
(2213, -39, '2022-09-23 01:45:36', 104651),
(2214, -37.8, '2022-09-23 01:45:36', 104652),
(2215, -37.8, '2022-09-23 01:45:36', 104653),
(2216, 9.3, '2022-09-23 01:45:36', 104654),
(2217, -39, '2022-09-23 01:46:36', 104651),
(2218, -37.8, '2022-09-23 01:46:36', 104652),
(2219, -37.5, '2022-09-23 01:46:36', 104653),
(2220, 9.4, '2022-09-23 01:46:36', 104654),
(2221, -39.4, '2022-09-23 01:47:36', 104651),
(2222, -38.2, '2022-09-23 01:47:36', 104652),
(2223, -37.1, '2022-09-23 01:47:36', 104653),
(2224, 9.4, '2022-09-23 01:47:36', 104654),
(2225, -39.3, '2022-09-23 01:48:36', 104651),
(2226, -38.3, '2022-09-23 01:48:36', 104652),
(2227, -37.1, '2022-09-23 01:48:36', 104653),
(2228, 9.5, '2022-09-23 01:48:36', 104654),
(2229, -39.4, '2022-09-23 01:49:36', 104651),
(2230, -38.5, '2022-09-23 01:49:36', 104652),
(2231, -37.5, '2022-09-23 01:49:36', 104653),
(2232, 9.4, '2022-09-23 01:49:36', 104654),
(2233, -39.4, '2022-09-23 01:50:36', 104651),
(2234, -36.9, '2022-09-23 01:50:36', 104652),
(2235, -37.5, '2022-09-23 01:50:36', 104653),
(2236, 9.8, '2022-09-23 01:50:36', 104654),
(2237, -39.4, '2022-09-23 01:51:36', 104651),
(2238, -34.6, '2022-09-23 01:51:36', 104652),
(2239, -37.6, '2022-09-23 01:51:36', 104653),
(2240, 9.7, '2022-09-23 01:51:36', 104654),
(2241, -39.5, '2022-09-23 01:52:36', 104651),
(2242, -34.8, '2022-09-23 01:52:36', 104652),
(2243, -37.3, '2022-09-23 01:52:36', 104653),
(2244, 9.5, '2022-09-23 01:52:36', 104654),
(2245, -39.3, '2022-09-23 01:53:36', 104651),
(2246, -35.3, '2022-09-23 01:53:36', 104652),
(2247, -37.4, '2022-09-23 01:53:36', 104653),
(2248, 9.2, '2022-09-23 01:53:36', 104654),
(2249, -39.5, '2022-09-23 01:54:36', 104651),
(2250, -36.1, '2022-09-23 01:54:36', 104652),
(2251, -37.6, '2022-09-23 01:54:36', 104653),
(2252, 9, '2022-09-23 01:54:36', 104654),
(2253, -39.6, '2022-09-23 01:55:36', 104651),
(2254, -36.7, '2022-09-23 01:55:36', 104652),
(2255, -37.8, '2022-09-23 01:55:36', 104653),
(2256, 8.9, '2022-09-23 01:55:36', 104654),
(2257, -39.8, '2022-09-23 01:56:36', 104651),
(2258, -37.2, '2022-09-23 01:56:36', 104652),
(2259, -37.9, '2022-09-23 01:56:36', 104653),
(2260, 8.8, '2022-09-23 01:56:36', 104654),
(2261, -40, '2022-09-23 01:57:36', 104651),
(2262, -37.6, '2022-09-23 01:57:36', 104652),
(2263, -37.9, '2022-09-23 01:57:36', 104653),
(2264, 8.9, '2022-09-23 01:57:36', 104654),
(2265, -40.2, '2022-09-23 01:58:36', 104651),
(2266, -38, '2022-09-23 01:58:36', 104652),
(2267, -38.1, '2022-09-23 01:58:36', 104653),
(2268, 8.8, '2022-09-23 01:58:36', 104654),
(2269, -40.1, '2022-09-23 01:59:36', 104651),
(2270, -38, '2022-09-23 01:59:36', 104652),
(2271, -38.2, '2022-09-23 01:59:36', 104653),
(2272, 8.8, '2022-09-23 01:59:36', 104654),
(2273, -40.4, '2022-09-23 02:00:36', 104651),
(2274, -38.3, '2022-09-23 02:00:36', 104652),
(2275, -38.4, '2022-09-23 02:00:36', 104653),
(2276, 8.8, '2022-09-23 02:00:36', 104654),
(2277, -40.4, '2022-09-23 02:01:36', 104651),
(2278, -38.6, '2022-09-23 02:01:36', 104652),
(2279, -38.7, '2022-09-23 02:01:36', 104653),
(2280, 8.7, '2022-09-23 02:01:36', 104654),
(2281, -40.2, '2022-09-23 02:02:36', 104651),
(2282, -38.7, '2022-09-23 02:02:36', 104652),
(2283, -38.9, '2022-09-23 02:02:36', 104653),
(2284, 8.7, '2022-09-23 02:02:36', 104654),
(2285, -40.3, '2022-09-23 02:03:36', 104651),
(2286, -38.9, '2022-09-23 02:03:36', 104652),
(2287, -39.1, '2022-09-23 02:03:36', 104653),
(2288, 8.7, '2022-09-23 02:03:36', 104654),
(2289, -40.4, '2022-09-23 02:04:36', 104651),
(2290, -39.2, '2022-09-23 02:04:36', 104652),
(2291, -39.2, '2022-09-23 02:04:36', 104653),
(2292, 8.7, '2022-09-23 02:04:36', 104654),
(2293, -40.7, '2022-09-23 02:05:36', 104651),
(2294, -39.5, '2022-09-23 02:05:36', 104652),
(2295, -39.4, '2022-09-23 02:05:36', 104653),
(2296, 8.6, '2022-09-23 02:05:36', 104654),
(2297, -40.9, '2022-09-23 02:06:36', 104651),
(2298, -39.7, '2022-09-23 02:06:36', 104652),
(2299, -39.3, '2022-09-23 02:06:36', 104653),
(2300, 8.8, '2022-09-23 02:06:36', 104654),
(2301, -41, '2022-09-23 02:07:36', 104651),
(2302, -39.7, '2022-09-23 02:07:36', 104652),
(2303, -39.3, '2022-09-23 02:07:36', 104653),
(2304, 8.9, '2022-09-23 02:07:36', 104654),
(2305, -41.1, '2022-09-23 02:08:36', 104651),
(2306, -39.6, '2022-09-23 02:08:36', 104652),
(2307, -39.3, '2022-09-23 02:08:36', 104653),
(2308, 8.9, '2022-09-23 02:08:36', 104654),
(2309, -41.1, '2022-09-23 02:09:36', 104651),
(2310, -39.5, '2022-09-23 02:09:36', 104652),
(2311, -39.3, '2022-09-23 02:09:36', 104653),
(2312, 9, '2022-09-23 02:09:36', 104654),
(2313, -41.3, '2022-09-23 02:10:36', 104651),
(2314, -39.5, '2022-09-23 02:10:36', 104652),
(2315, -39.6, '2022-09-23 02:10:36', 104653),
(2316, 8.9, '2022-09-23 02:10:36', 104654),
(2317, -41.2, '2022-09-23 02:11:36', 104651),
(2318, -39.6, '2022-09-23 02:11:36', 104652),
(2319, -39.7, '2022-09-23 02:11:36', 104653),
(2320, 9.1, '2022-09-23 02:11:36', 104654),
(2321, -41.4, '2022-09-23 02:12:36', 104651),
(2322, -40, '2022-09-23 02:12:36', 104652),
(2323, -39.8, '2022-09-23 02:12:36', 104653),
(2324, 9.2, '2022-09-23 02:12:36', 104654),
(2325, -41.4, '2022-09-23 02:13:36', 104651),
(2326, -40.2, '2022-09-23 02:13:36', 104652),
(2327, -39.6, '2022-09-23 02:13:36', 104653),
(2328, 9.1, '2022-09-23 02:13:36', 104654),
(2329, -41.7, '2022-09-23 02:14:36', 104651);
INSERT INTO `temperature_2022_09` (`id`, `temperature`, `date_time`, `device_manual_id`) VALUES
(2330, -40.5, '2022-09-23 02:14:36', 104652),
(2331, -39.2, '2022-09-23 02:14:36', 104653),
(2332, 9.1, '2022-09-23 02:14:36', 104654),
(2333, -41.8, '2022-09-23 02:15:36', 104651),
(2334, -40.4, '2022-09-23 02:15:36', 104652),
(2335, -39.2, '2022-09-23 02:15:36', 104653),
(2336, 9.2, '2022-09-23 02:15:36', 104654),
(2337, -42, '2022-09-23 02:16:36', 104651),
(2338, -40.4, '2022-09-23 02:16:36', 104652),
(2339, -39.5, '2022-09-23 02:16:36', 104653),
(2340, 9.1, '2022-09-23 02:16:36', 104654),
(2341, -42, '2022-09-23 02:17:36', 104651),
(2342, -40.3, '2022-09-23 02:17:36', 104652),
(2343, -39.8, '2022-09-23 02:17:36', 104653),
(2344, 9.2, '2022-09-23 02:17:36', 104654),
(2345, -42.2, '2022-09-23 02:18:36', 104651),
(2346, -40.4, '2022-09-23 02:18:36', 104652),
(2347, -40, '2022-09-23 02:18:36', 104653),
(2348, 9.3, '2022-09-23 02:18:36', 104654),
(2349, -42.1, '2022-09-23 02:19:36', 104651),
(2350, -40.5, '2022-09-23 02:19:36', 104652),
(2351, -40.4, '2022-09-23 02:19:36', 104653),
(2352, 9.3, '2022-09-23 02:19:36', 104654),
(2353, -42, '2022-09-23 02:20:36', 104651),
(2354, -40, '2022-09-23 02:20:36', 104652),
(2355, -40.4, '2022-09-23 02:20:36', 104653),
(2356, 9.1, '2022-09-23 02:20:36', 104654),
(2357, -41.5, '2022-09-23 02:21:36', 104651),
(2358, -39, '2022-09-23 02:21:36', 104652),
(2359, -39.3, '2022-09-23 02:21:36', 104653),
(2360, 9.2, '2022-09-23 02:21:36', 104654),
(2361, -41.1, '2022-09-23 02:22:36', 104651),
(2362, -35.9, '2022-09-23 02:22:36', 104652),
(2363, -37.8, '2022-09-23 02:22:36', 104653),
(2364, 9.5, '2022-09-23 02:22:36', 104654),
(2365, -38.9, '2022-09-23 02:23:36', 104651),
(2366, -26.4, '2022-09-23 02:23:36', 104652),
(2367, -29.3, '2022-09-23 02:23:36', 104653),
(2368, 9.5, '2022-09-23 02:23:36', 104654),
(2369, -36.4, '2022-09-23 02:24:36', 104651),
(2370, -25.2, '2022-09-23 02:24:36', 104652),
(2371, -28, '2022-09-23 02:24:36', 104653),
(2372, 9.6, '2022-09-23 02:24:36', 104654),
(2373, -35.9, '2022-09-23 02:25:36', 104651),
(2374, -26.4, '2022-09-23 02:25:36', 104652),
(2375, -29.5, '2022-09-23 02:25:36', 104653),
(2376, 9.6, '2022-09-23 02:25:36', 104654),
(2377, -36, '2022-09-23 02:26:37', 104651),
(2378, -27.8, '2022-09-23 02:26:37', 104652),
(2379, -31.9, '2022-09-23 02:26:37', 104653),
(2380, 9.6, '2022-09-23 02:26:37', 104654),
(2381, -36.2, '2022-09-23 02:27:37', 104651),
(2382, -29.2, '2022-09-23 02:27:37', 104652),
(2383, -33.5, '2022-09-23 02:27:37', 104653),
(2384, 9.5, '2022-09-23 02:27:37', 104654),
(2385, -36.1, '2022-09-23 02:28:37', 104651),
(2386, -30, '2022-09-23 02:28:37', 104652),
(2387, -34.5, '2022-09-23 02:28:37', 104653),
(2388, 9.3, '2022-09-23 02:28:37', 104654),
(2389, -36, '2022-09-23 02:29:37', 104651),
(2390, -30.6, '2022-09-23 02:29:37', 104652),
(2391, -34.8, '2022-09-23 02:29:37', 104653),
(2392, 9.4, '2022-09-23 02:29:37', 104654),
(2393, -35.8, '2022-09-23 02:30:37', 104651),
(2394, -30.9, '2022-09-23 02:30:37', 104652),
(2395, -35, '2022-09-23 02:30:37', 104653),
(2396, 9.2, '2022-09-23 02:30:37', 104654),
(2397, -35.8, '2022-09-23 02:31:37', 104651),
(2398, -31.3, '2022-09-23 02:31:37', 104652),
(2399, -35, '2022-09-23 02:31:37', 104653),
(2400, 9.1, '2022-09-23 02:31:37', 104654),
(2401, -35.7, '2022-09-23 02:32:37', 104651),
(2402, -31.5, '2022-09-23 02:32:37', 104652),
(2403, -34.9, '2022-09-23 02:32:37', 104653),
(2404, 9.1, '2022-09-23 02:32:37', 104654),
(2405, -35.8, '2022-09-23 02:33:37', 104651),
(2406, -31.8, '2022-09-23 02:33:37', 104652),
(2407, -34.9, '2022-09-23 02:33:37', 104653),
(2408, 9.1, '2022-09-23 02:33:37', 104654),
(2409, -35.5, '2022-09-23 02:34:37', 104651),
(2410, -31.7, '2022-09-23 02:34:37', 104652),
(2411, -34.6, '2022-09-23 02:34:37', 104653),
(2412, 9.2, '2022-09-23 02:34:37', 104654),
(2413, -35.3, '2022-09-23 02:35:37', 104651),
(2414, -31.8, '2022-09-23 02:35:37', 104652),
(2415, -34.6, '2022-09-23 02:35:37', 104653),
(2416, 9.1, '2022-09-23 02:35:37', 104654),
(2417, -35, '2022-09-23 02:36:37', 104651),
(2418, -31.6, '2022-09-23 02:36:37', 104652),
(2419, -34.6, '2022-09-23 02:36:37', 104653),
(2420, 9, '2022-09-23 02:36:37', 104654),
(2421, -35, '2022-09-23 02:37:37', 104651),
(2422, -31.8, '2022-09-23 02:37:37', 104652),
(2423, -34.3, '2022-09-23 02:37:37', 104653),
(2424, 9.1, '2022-09-23 02:37:37', 104654),
(2425, -34.5, '2022-09-23 02:38:37', 104651),
(2426, -31.5, '2022-09-23 02:38:37', 104652),
(2427, -34.2, '2022-09-23 02:38:37', 104653),
(2428, 9, '2022-09-23 02:38:37', 104654),
(2429, -33.7, '2022-09-23 02:39:37', 104651),
(2430, -22.8, '2022-09-23 02:39:37', 104652),
(2431, -26.7, '2022-09-23 02:39:37', 104653),
(2432, 9.8, '2022-09-23 02:39:37', 104654),
(2433, -30.4, '2022-09-23 02:40:37', 104651),
(2434, -15.7, '2022-09-23 02:40:37', 104652),
(2435, -19.5, '2022-09-23 02:40:37', 104653),
(2436, 10.7, '2022-09-23 02:40:37', 104654),
(2437, -27.8, '2022-09-23 02:41:37', 104651),
(2438, -12.9, '2022-09-23 02:41:37', 104652),
(2439, -16.6, '2022-09-23 02:41:37', 104653),
(2440, 11.2, '2022-09-23 02:41:37', 104654),
(2441, -31.3, '2022-09-23 02:42:37', 104651),
(2442, -26.2, '2022-09-23 02:42:37', 104652),
(2443, -29.4, '2022-09-23 02:42:37', 104653),
(2444, 11, '2022-09-23 02:42:37', 104654),
(2445, -35.1, '2022-09-23 02:43:37', 104651),
(2446, -32.4, '2022-09-23 02:43:37', 104652),
(2447, -32.5, '2022-09-23 02:43:37', 104653),
(2448, 10.8, '2022-09-23 02:43:37', 104654),
(2449, -37, '2022-09-23 02:44:37', 104651),
(2450, -35, '2022-09-23 02:44:37', 104652),
(2451, -33.2, '2022-09-23 02:44:37', 104653),
(2452, 10.6, '2022-09-23 02:44:37', 104654),
(2453, -37.8, '2022-09-23 02:45:37', 104651),
(2454, -36.6, '2022-09-23 02:45:37', 104652),
(2455, -33.8, '2022-09-23 02:45:37', 104653),
(2456, 10.3, '2022-09-23 02:45:37', 104654),
(2457, -38.2, '2022-09-23 02:46:37', 104651),
(2458, -37.3, '2022-09-23 02:46:37', 104652),
(2459, -34.2, '2022-09-23 02:46:37', 104653),
(2460, 10.2, '2022-09-23 02:46:37', 104654),
(2461, -38.6, '2022-09-23 02:47:37', 104651),
(2462, -37.9, '2022-09-23 02:47:37', 104652),
(2463, -34.7, '2022-09-23 02:47:37', 104653),
(2464, 10, '2022-09-23 02:47:37', 104654),
(2465, -38.9, '2022-09-23 02:48:37', 104651),
(2466, -37.9, '2022-09-23 02:48:37', 104652),
(2467, -35.1, '2022-09-23 02:48:37', 104653),
(2468, 9.7, '2022-09-23 02:48:37', 104654),
(2469, -39.4, '2022-09-23 02:49:37', 104651),
(2470, -37.9, '2022-09-23 02:49:37', 104652),
(2471, -35.3, '2022-09-23 02:49:37', 104653),
(2472, 9.7, '2022-09-23 02:49:37', 104654),
(2473, -39.8, '2022-09-23 02:50:37', 104651),
(2474, -37.6, '2022-09-23 02:50:37', 104652),
(2475, -35.9, '2022-09-23 02:50:37', 104653),
(2476, 9.6, '2022-09-23 02:50:37', 104654),
(2477, -36.7, '2022-09-23 02:51:37', 104651),
(2478, -37.8, '2022-09-23 02:51:37', 104652),
(2479, -36.9, '2022-09-23 02:51:37', 104653),
(2480, 9.4, '2022-09-23 02:51:37', 104654),
(2481, -36.4, '2022-09-23 02:52:37', 104651),
(2482, -37.9, '2022-09-23 02:52:37', 104652),
(2483, -37.7, '2022-09-23 02:52:37', 104653),
(2484, 9.2, '2022-09-23 02:52:37', 104654),
(2485, -38.4, '2022-09-23 02:53:37', 104651),
(2486, -38.2, '2022-09-23 02:53:37', 104652),
(2487, -38.2, '2022-09-23 02:53:37', 104653),
(2488, 9.3, '2022-09-23 02:53:37', 104654),
(2489, -39.2, '2022-09-23 02:54:37', 104651),
(2490, -38, '2022-09-23 02:54:37', 104652),
(2491, -38.8, '2022-09-23 02:54:37', 104653),
(2492, 9.2, '2022-09-23 02:54:37', 104654),
(2493, -40.1, '2022-09-23 02:55:37', 104651),
(2494, -38.3, '2022-09-23 02:55:37', 104652),
(2495, -39.4, '2022-09-23 02:55:37', 104653),
(2496, 9.1, '2022-09-23 02:55:37', 104654),
(2497, -40.5, '2022-09-23 02:56:37', 104651),
(2498, -38.5, '2022-09-23 02:56:37', 104652),
(2499, -39.7, '2022-09-23 02:56:37', 104653),
(2500, 9.1, '2022-09-23 02:56:37', 104654),
(2501, -40.9, '2022-09-23 02:57:37', 104651),
(2502, -38, '2022-09-23 02:57:37', 104652),
(2503, -39.3, '2022-09-23 02:57:37', 104653),
(2504, 9.3, '2022-09-23 02:57:37', 104654),
(2505, -41.3, '2022-09-23 02:58:37', 104651),
(2506, -38.1, '2022-09-23 02:58:37', 104652),
(2507, -39, '2022-09-23 02:58:37', 104653),
(2508, 9.1, '2022-09-23 02:58:37', 104654),
(2509, -41.3, '2022-09-23 02:59:37', 104651),
(2510, -38.6, '2022-09-23 02:59:37', 104652),
(2511, -39.2, '2022-09-23 02:59:37', 104653),
(2512, 9.2, '2022-09-23 02:59:37', 104654),
(2513, -41.4, '2022-09-23 03:00:37', 104651),
(2514, -39.3, '2022-09-23 03:00:37', 104652),
(2515, -39.6, '2022-09-23 03:00:37', 104653),
(2516, 9.2, '2022-09-23 03:00:37', 104654),
(2517, -41.6, '2022-09-23 03:01:37', 104651),
(2518, -39.9, '2022-09-23 03:01:37', 104652),
(2519, -40.1, '2022-09-23 03:01:37', 104653),
(2520, 9.1, '2022-09-23 03:01:37', 104654),
(2521, -40.1, '2022-09-23 03:02:37', 104651),
(2522, -37.3, '2022-09-23 03:02:37', 104652),
(2523, -36.3, '2022-09-23 03:02:37', 104653),
(2524, 9.3, '2022-09-23 03:02:37', 104654),
(2525, -37.7, '2022-09-23 03:03:37', 104651),
(2526, -34, '2022-09-23 03:03:37', 104652),
(2527, -33.1, '2022-09-23 03:03:37', 104653),
(2528, 9, '2022-09-23 03:03:37', 104654),
(2529, -37.2, '2022-09-23 03:04:37', 104651),
(2530, -33.6, '2022-09-23 03:04:37', 104652),
(2531, -33.8, '2022-09-23 03:04:37', 104653),
(2532, 9, '2022-09-23 03:04:37', 104654),
(2533, -36.9, '2022-09-23 03:05:37', 104651),
(2534, -33.5, '2022-09-23 03:05:37', 104652),
(2535, -35.2, '2022-09-23 03:05:37', 104653),
(2536, 8.8, '2022-09-23 03:05:37', 104654),
(2537, -36.9, '2022-09-23 03:06:37', 104651),
(2538, -33.6, '2022-09-23 03:06:37', 104652),
(2539, -35.8, '2022-09-23 03:06:37', 104653),
(2540, 9, '2022-09-23 03:06:37', 104654),
(2541, -36.8, '2022-09-23 03:07:37', 104651),
(2542, -33.5, '2022-09-23 03:07:37', 104652),
(2543, -36.3, '2022-09-23 03:07:37', 104653),
(2544, 8.8, '2022-09-23 03:07:37', 104654),
(2545, -36.7, '2022-09-23 03:08:37', 104651),
(2546, -33.6, '2022-09-23 03:08:37', 104652),
(2547, -36.2, '2022-09-23 03:08:37', 104653),
(2548, 9, '2022-09-23 03:08:37', 104654),
(2549, -36.8, '2022-09-23 03:09:37', 104651),
(2550, -33.8, '2022-09-23 03:09:37', 104652),
(2551, -36.4, '2022-09-23 03:09:37', 104653),
(2552, 8.8, '2022-09-23 03:09:37', 104654),
(2553, -34.7, '2022-09-23 03:10:37', 104651),
(2554, -30.5, '2022-09-23 03:10:37', 104652),
(2555, -30.8, '2022-09-23 03:10:37', 104653),
(2556, 8.7, '2022-09-23 03:10:37', 104654),
(2557, -33.2, '2022-09-23 03:11:37', 104651),
(2558, -28.8, '2022-09-23 03:11:37', 104652),
(2559, -29.7, '2022-09-23 03:11:37', 104653),
(2560, 8.6, '2022-09-23 03:11:37', 104654),
(2561, -33, '2022-09-23 03:12:37', 104651),
(2562, -29, '2022-09-23 03:12:37', 104652),
(2563, -31.5, '2022-09-23 03:12:37', 104653),
(2564, 8.5, '2022-09-23 03:12:37', 104654),
(2565, -33.1, '2022-09-23 03:13:37', 104651),
(2566, -29.7, '2022-09-23 03:13:37', 104652),
(2567, -33.2, '2022-09-23 03:13:37', 104653),
(2568, 8.4, '2022-09-23 03:13:37', 104654),
(2569, -33.4, '2022-09-23 03:14:37', 104651),
(2570, -30.4, '2022-09-23 03:14:37', 104652),
(2571, -34.1, '2022-09-23 03:14:37', 104653),
(2572, 8.5, '2022-09-23 03:14:37', 104654),
(2573, -33.4, '2022-09-23 03:15:37', 104651),
(2574, -30.8, '2022-09-23 03:15:37', 104652),
(2575, -34.7, '2022-09-23 03:15:37', 104653),
(2576, 8.4, '2022-09-23 03:15:37', 104654),
(2577, -33.3, '2022-09-23 03:16:37', 104651),
(2578, -31, '2022-09-23 03:16:37', 104652),
(2579, -35, '2022-09-23 03:16:37', 104653),
(2580, 8.4, '2022-09-23 03:16:37', 104654),
(2581, -33.6, '2022-09-23 03:17:38', 104651),
(2582, -31.5, '2022-09-23 03:17:38', 104652),
(2583, -35.1, '2022-09-23 03:17:38', 104653),
(2584, 8.5, '2022-09-23 03:17:38', 104654),
(2585, -33.4, '2022-09-23 03:18:38', 104651),
(2586, -31.4, '2022-09-23 03:18:38', 104652),
(2587, -35.3, '2022-09-23 03:18:38', 104653),
(2588, 8.3, '2022-09-23 03:18:38', 104654),
(2589, -32.5, '2022-09-23 03:19:38', 104651),
(2590, -29.4, '2022-09-23 03:19:38', 104652),
(2591, -31.1, '2022-09-23 03:19:38', 104653),
(2592, 8.3, '2022-09-23 03:19:38', 104654),
(2593, -28.7, '2022-09-23 03:20:38', 104651),
(2594, -23.8, '2022-09-23 03:20:38', 104652),
(2595, -23.7, '2022-09-23 03:20:38', 104653),
(2596, 8.3, '2022-09-23 03:20:38', 104654),
(2597, -28.2, '2022-09-23 03:21:38', 104651),
(2598, -23.3, '2022-09-23 03:21:38', 104652),
(2599, -24, '2022-09-23 03:21:38', 104653),
(2600, 8.4, '2022-09-23 03:21:38', 104654),
(2601, -28.5, '2022-09-23 03:22:38', 104651),
(2602, -20.2, '2022-09-23 03:22:38', 104652),
(2603, -22.8, '2022-09-23 03:22:38', 104653),
(2604, 9, '2022-09-23 03:22:38', 104654),
(2605, -27.2, '2022-09-23 03:23:38', 104651),
(2606, -16.9, '2022-09-23 03:23:38', 104652),
(2607, -20.2, '2022-09-23 03:23:38', 104653),
(2608, 9.5, '2022-09-23 03:23:38', 104654),
(2609, -26.9, '2022-09-23 03:24:38', 104651),
(2610, -17.9, '2022-09-23 03:24:38', 104652),
(2611, -21.5, '2022-09-23 03:24:38', 104653),
(2612, 9.4, '2022-09-23 03:24:38', 104654),
(2613, -27.3, '2022-09-23 03:25:38', 104651),
(2614, -19.6, '2022-09-23 03:25:38', 104652),
(2615, -23.3, '2022-09-23 03:25:38', 104653),
(2616, 9.4, '2022-09-23 03:25:38', 104654),
(2617, -28, '2022-09-23 03:26:38', 104651),
(2618, -21.4, '2022-09-23 03:26:38', 104652),
(2619, -25, '2022-09-23 03:26:38', 104653),
(2620, 9.3, '2022-09-23 03:26:38', 104654),
(2621, -26.4, '2022-09-23 03:27:38', 104651),
(2622, -19.4, '2022-09-23 03:27:38', 104652),
(2623, -21.1, '2022-09-23 03:27:38', 104653),
(2624, 9.2, '2022-09-23 03:27:38', 104654),
(2625, -25.8, '2022-09-23 03:28:38', 104651),
(2626, -19.1, '2022-09-23 03:28:38', 104652),
(2627, -21.6, '2022-09-23 03:28:38', 104653),
(2628, 9, '2022-09-23 03:28:38', 104654),
(2629, -25.9, '2022-09-23 03:29:38', 104651),
(2630, -19.9, '2022-09-23 03:29:38', 104652),
(2631, -22.3, '2022-09-23 03:29:38', 104653),
(2632, 8.7, '2022-09-23 03:29:38', 104654),
(2633, -25.6, '2022-09-23 03:30:38', 104651),
(2634, -20, '2022-09-23 03:30:38', 104652),
(2635, -22.4, '2022-09-23 03:30:38', 104653),
(2636, 8.7, '2022-09-23 03:30:38', 104654),
(2637, -26.1, '2022-09-23 03:31:38', 104651),
(2638, -21, '2022-09-23 03:31:38', 104652),
(2639, -23.7, '2022-09-23 03:31:38', 104653),
(2640, 8.7, '2022-09-23 03:31:38', 104654),
(2641, -26.7, '2022-09-23 03:32:38', 104651),
(2642, -22.2, '2022-09-23 03:32:38', 104652),
(2643, -24.9, '2022-09-23 03:32:38', 104653),
(2644, 8.5, '2022-09-23 03:32:38', 104654),
(2645, -26.1, '2022-09-23 03:33:38', 104651),
(2646, -20.9, '2022-09-23 03:33:38', 104652),
(2647, -22.1, '2022-09-23 03:33:38', 104653),
(2648, 8.6, '2022-09-23 03:33:38', 104654),
(2649, -22.5, '2022-09-23 03:34:38', 104651),
(2650, -15.8, '2022-09-23 03:34:38', 104652),
(2651, -16.2, '2022-09-23 03:34:38', 104653),
(2652, 8.5, '2022-09-23 03:34:38', 104654),
(2653, -22.1, '2022-09-23 03:35:38', 104651),
(2654, -15.9, '2022-09-23 03:35:38', 104652),
(2655, -17.2, '2022-09-23 03:35:38', 104653),
(2656, 8.5, '2022-09-23 03:35:38', 104654),
(2657, -22.8, '2022-09-23 03:36:38', 104651),
(2658, -17.5, '2022-09-23 03:36:38', 104652),
(2659, -19.4, '2022-09-23 03:36:38', 104653),
(2660, 8.4, '2022-09-23 03:36:38', 104654),
(2661, -23.3, '2022-09-23 03:37:38', 104651),
(2662, -18.7, '2022-09-23 03:37:38', 104652),
(2663, -21.3, '2022-09-23 03:37:38', 104653),
(2664, 8.3, '2022-09-23 03:37:38', 104654),
(2665, -24.2, '2022-09-23 03:38:38', 104651),
(2666, -18.4, '2022-09-23 03:38:38', 104652),
(2667, -21.7, '2022-09-23 03:38:38', 104653),
(2668, 8.6, '2022-09-23 03:38:38', 104654),
(2669, -29.6, '2022-09-23 03:39:38', 104651),
(2670, -26, '2022-09-23 03:39:38', 104652),
(2671, -30.2, '2022-09-23 03:39:38', 104653),
(2672, 9.1, '2022-09-23 03:39:38', 104654),
(2673, -33.6, '2022-09-23 03:40:38', 104651),
(2674, -29.6, '2022-09-23 03:40:38', 104652),
(2675, -33.1, '2022-09-23 03:40:38', 104653),
(2676, 9, '2022-09-23 03:40:38', 104654),
(2677, -33.5, '2022-09-23 03:41:38', 104651),
(2678, -31.9, '2022-09-23 03:41:38', 104652),
(2679, -34.7, '2022-09-23 03:41:38', 104653),
(2680, 9, '2022-09-23 03:41:38', 104654),
(2681, -35.5, '2022-09-23 03:42:38', 104651),
(2682, -33.8, '2022-09-23 03:42:38', 104652),
(2683, -36, '2022-09-23 03:42:38', 104653),
(2684, 9, '2022-09-23 03:42:38', 104654),
(2685, -36.8, '2022-09-23 03:43:38', 104651),
(2686, -34.9, '2022-09-23 03:43:38', 104652),
(2687, -37, '2022-09-23 03:43:38', 104653),
(2688, 9.2, '2022-09-23 03:43:38', 104654),
(2689, -37.9, '2022-09-23 03:44:38', 104651),
(2690, -35.7, '2022-09-23 03:44:38', 104652),
(2691, -37.7, '2022-09-23 03:44:38', 104653),
(2692, 9.3, '2022-09-23 03:44:38', 104654),
(2693, -38.2, '2022-09-23 03:45:38', 104651),
(2694, -36.5, '2022-09-23 03:45:38', 104652),
(2695, -38.4, '2022-09-23 03:45:38', 104653),
(2696, 9.2, '2022-09-23 03:45:38', 104654),
(2697, -39.1, '2022-09-23 03:46:38', 104651),
(2698, -37.4, '2022-09-23 03:46:38', 104652),
(2699, -38.4, '2022-09-23 03:46:38', 104653),
(2700, 9.2, '2022-09-23 03:46:38', 104654),
(2701, -40.1, '2022-09-23 03:47:38', 104651),
(2702, -37.9, '2022-09-23 03:47:38', 104652),
(2703, -38.7, '2022-09-23 03:47:38', 104653),
(2704, 8.9, '2022-09-23 03:47:38', 104654),
(2705, -41, '2022-09-23 03:48:38', 104651),
(2706, -38.4, '2022-09-23 03:48:38', 104652),
(2707, -39.3, '2022-09-23 03:48:38', 104653),
(2708, 8.8, '2022-09-23 03:48:38', 104654),
(2709, -41.7, '2022-09-23 03:49:38', 104651),
(2710, -38.9, '2022-09-23 03:49:38', 104652),
(2711, -39.8, '2022-09-23 03:49:38', 104653),
(2712, 8.9, '2022-09-23 03:49:38', 104654),
(2713, -41.9, '2022-09-23 03:50:38', 104651),
(2714, -39.4, '2022-09-23 03:50:38', 104652),
(2715, -40.6, '2022-09-23 03:50:38', 104653),
(2716, 8.7, '2022-09-23 03:50:38', 104654),
(2717, -41.7, '2022-09-23 03:51:38', 104651),
(2718, -39.6, '2022-09-23 03:51:38', 104652),
(2719, -41.1, '2022-09-23 03:51:38', 104653),
(2720, 8.6, '2022-09-23 03:51:38', 104654),
(2721, -41.6, '2022-09-23 03:52:38', 104651),
(2722, -39.2, '2022-09-23 03:52:38', 104652),
(2723, -40.4, '2022-09-23 03:52:38', 104653),
(2724, 8.6, '2022-09-23 03:52:38', 104654),
(2725, -41.1, '2022-09-23 03:53:38', 104651),
(2726, -38.7, '2022-09-23 03:53:38', 104652),
(2727, -39.6, '2022-09-23 03:53:38', 104653),
(2728, 8.6, '2022-09-23 03:53:38', 104654),
(2729, -40.2, '2022-09-23 03:54:38', 104651),
(2730, -38.1, '2022-09-23 03:54:38', 104652),
(2731, -39.4, '2022-09-23 03:54:38', 104653),
(2732, 8.3, '2022-09-23 03:54:38', 104654),
(2733, -39.5, '2022-09-23 03:55:38', 104651),
(2734, -37.5, '2022-09-23 03:55:38', 104652),
(2735, -38.7, '2022-09-23 03:55:38', 104653),
(2736, 8.5, '2022-09-23 03:55:38', 104654),
(2737, -38, '2022-09-23 03:56:38', 104651),
(2738, -35, '2022-09-23 03:56:38', 104652),
(2739, -35.2, '2022-09-23 03:56:38', 104653),
(2740, 8.4, '2022-09-23 03:56:38', 104654),
(2741, -33, '2022-09-23 03:57:38', 104651),
(2742, -27.1, '2022-09-23 03:57:38', 104652),
(2743, -25.1, '2022-09-23 03:57:38', 104653),
(2744, 8.4, '2022-09-23 03:57:38', 104654),
(2745, -31.4, '2022-09-23 03:58:38', 104651),
(2746, -25.4, '2022-09-23 03:58:38', 104652),
(2747, -25.2, '2022-09-23 03:58:38', 104653),
(2748, 8.2, '2022-09-23 03:58:38', 104654),
(2749, -31.7, '2022-09-23 03:59:38', 104651),
(2750, -26.4, '2022-09-23 03:59:38', 104652),
(2751, -26.8, '2022-09-23 03:59:38', 104653),
(2752, 8.3, '2022-09-23 03:59:38', 104654),
(2753, -31.7, '2022-09-23 04:00:38', 104651),
(2754, -27.1, '2022-09-23 04:00:38', 104652),
(2755, -28.5, '2022-09-23 04:00:38', 104653),
(2756, 8.2, '2022-09-23 04:00:38', 104654),
(2757, -32, '2022-09-23 04:01:38', 104651),
(2758, -28, '2022-09-23 04:01:38', 104652),
(2759, -30, '2022-09-23 04:01:38', 104653),
(2760, 8.2, '2022-09-23 04:01:38', 104654),
(2761, -32.5, '2022-09-23 04:02:38', 104651),
(2762, -29, '2022-09-23 04:02:38', 104652),
(2763, -31.2, '2022-09-23 04:02:38', 104653),
(2764, 8.2, '2022-09-23 04:02:38', 104654),
(2765, -32.8, '2022-09-23 04:03:38', 104651),
(2766, -29.7, '2022-09-23 04:03:38', 104652),
(2767, -31.9, '2022-09-23 04:03:38', 104653),
(2768, 8.3, '2022-09-23 04:03:38', 104654),
(2769, -32.8, '2022-09-23 04:04:38', 104651),
(2770, -30, '2022-09-23 04:04:38', 104652),
(2771, -32.5, '2022-09-23 04:04:38', 104653),
(2772, 8.1, '2022-09-23 04:04:38', 104654),
(2773, -32.5, '2022-09-23 04:05:38', 104651),
(2774, -30, '2022-09-23 04:05:38', 104652),
(2775, -32.7, '2022-09-23 04:05:38', 104653),
(2776, 8.2, '2022-09-23 04:05:38', 104654),
(2777, -32.8, '2022-09-23 04:06:38', 104651),
(2778, -30.6, '2022-09-23 04:06:38', 104652),
(2779, -33, '2022-09-23 04:06:38', 104653),
(2780, 8.2, '2022-09-23 04:06:38', 104654),
(2781, -32.7, '2022-09-23 04:07:38', 104651),
(2782, -30.2, '2022-09-23 04:07:38', 104652),
(2783, -31.6, '2022-09-23 04:07:38', 104653),
(2784, 8.1, '2022-09-23 04:07:38', 104654),
(2785, -28.4, '2022-09-23 04:08:38', 104651),
(2786, -23.3, '2022-09-23 04:08:38', 104652),
(2787, -21.9, '2022-09-23 04:08:38', 104653),
(2788, 8.1, '2022-09-23 04:08:38', 104654),
(2789, -26.5, '2022-09-23 04:09:38', 104651),
(2790, -20.1, '2022-09-23 04:09:38', 104652),
(2791, -20.6, '2022-09-23 04:09:38', 104653),
(2792, 8.4, '2022-09-23 04:09:38', 104654),
(2793, -26.2, '2022-09-23 04:10:38', 104651),
(2794, -20, '2022-09-23 04:10:38', 104652),
(2795, -21.1, '2022-09-23 04:10:38', 104653),
(2796, 8.8, '2022-09-23 04:10:38', 104654),
(2797, -26.4, '2022-09-23 04:11:38', 104651),
(2798, -21.2, '2022-09-23 04:11:38', 104652),
(2799, -23, '2022-09-23 04:11:38', 104653),
(2800, 8.7, '2022-09-23 04:11:38', 104654),
(2801, -26.8, '2022-09-23 04:12:38', 104651),
(2802, -22.3, '2022-09-23 04:12:38', 104652),
(2803, -24.6, '2022-09-23 04:12:38', 104653),
(2804, 8.6, '2022-09-23 04:12:38', 104654),
(2805, -27.5, '2022-09-23 04:13:39', 104651),
(2806, -23.6, '2022-09-23 04:13:39', 104652),
(2807, -25.8, '2022-09-23 04:13:39', 104653),
(2808, 8.6, '2022-09-23 04:13:39', 104654),
(2809, -27.9, '2022-09-23 04:14:39', 104651),
(2810, -24.4, '2022-09-23 04:14:39', 104652),
(2811, -26.9, '2022-09-23 04:14:39', 104653),
(2812, 8.5, '2022-09-23 04:14:39', 104654),
(2813, -28.3, '2022-09-23 04:15:39', 104651),
(2814, -25.2, '2022-09-23 04:15:39', 104652),
(2815, -27.8, '2022-09-23 04:15:39', 104653),
(2816, 8.3, '2022-09-23 04:15:39', 104654),
(2817, -28.5, '2022-09-23 04:16:39', 104651),
(2818, -25.7, '2022-09-23 04:16:39', 104652),
(2819, -28.4, '2022-09-23 04:16:39', 104653),
(2820, 8.2, '2022-09-23 04:16:39', 104654),
(2821, -28.4, '2022-09-23 04:17:39', 104651),
(2822, -24.8, '2022-09-23 04:17:39', 104652),
(2823, -26, '2022-09-23 04:17:39', 104653),
(2824, 8.1, '2022-09-23 04:17:39', 104654),
(2825, -25.1, '2022-09-23 04:18:39', 104651),
(2826, -19.8, '2022-09-23 04:18:39', 104652),
(2827, -19.5, '2022-09-23 04:18:39', 104653),
(2828, 8.1, '2022-09-23 04:18:39', 104654),
(2829, -24.3, '2022-09-23 04:19:39', 104651),
(2830, -19.1, '2022-09-23 04:19:39', 104652),
(2831, -19.7, '2022-09-23 04:19:39', 104653),
(2832, 8.2, '2022-09-23 04:19:39', 104654),
(2833, -24.1, '2022-09-23 04:20:39', 104651),
(2834, -19.7, '2022-09-23 04:20:39', 104652),
(2835, -21.4, '2022-09-23 04:20:39', 104653),
(2836, 8.1, '2022-09-23 04:20:39', 104654),
(2837, -24.9, '2022-09-23 04:21:39', 104651),
(2838, -21.1, '2022-09-23 04:21:39', 104652),
(2839, -22.8, '2022-09-23 04:21:39', 104653),
(2840, 8.1, '2022-09-23 04:21:39', 104654),
(2841, -25.1, '2022-09-23 04:22:39', 104651),
(2842, -19.6, '2022-09-23 04:22:39', 104652),
(2843, -22.3, '2022-09-23 04:22:39', 104653),
(2844, 8, '2022-09-23 04:22:39', 104654),
(2845, -25, '2022-09-23 04:23:39', 104651),
(2846, -20, '2022-09-23 04:23:39', 104652),
(2847, -22.1, '2022-09-23 04:23:39', 104653),
(2848, 8.1, '2022-09-23 04:23:39', 104654),
(2849, -25.1, '2022-09-23 04:24:39', 104651),
(2850, -20.8, '2022-09-23 04:24:39', 104652),
(2851, -23, '2022-09-23 04:24:39', 104653),
(2852, 8, '2022-09-23 04:24:39', 104654),
(2853, -25.3, '2022-09-23 04:25:39', 104651),
(2854, -21.4, '2022-09-23 04:25:39', 104652),
(2855, -24.2, '2022-09-23 04:25:39', 104653),
(2856, 7.9, '2022-09-23 04:25:39', 104654),
(2857, -24.6, '2022-09-23 04:26:39', 104651),
(2858, -20.4, '2022-09-23 04:26:39', 104652),
(2859, -21.4, '2022-09-23 04:26:39', 104653),
(2860, 8, '2022-09-23 04:26:39', 104654),
(2861, -28.7, '2022-09-23 04:27:39', 104651),
(2862, -27.9, '2022-09-23 04:27:39', 104652),
(2863, -30.5, '2022-09-23 04:27:39', 104653),
(2864, 7.9, '2022-09-23 04:27:39', 104654),
(2865, -32.3, '2022-09-23 04:28:39', 104651),
(2866, -30.5, '2022-09-23 04:28:39', 104652),
(2867, -32.4, '2022-09-23 04:28:39', 104653),
(2868, 7.9, '2022-09-23 04:28:39', 104654),
(2869, -35.5, '2022-09-23 04:29:39', 104651),
(2870, -32.4, '2022-09-23 04:29:39', 104652),
(2871, -33.2, '2022-09-23 04:29:39', 104653),
(2872, 7.8, '2022-09-23 04:29:39', 104654),
(2873, -37.4, '2022-09-23 04:30:39', 104651),
(2874, -33.8, '2022-09-23 04:30:39', 104652),
(2875, -34.1, '2022-09-23 04:30:39', 104653),
(2876, 7.6, '2022-09-23 04:30:39', 104654),
(2877, -37.3, '2022-09-23 04:31:39', 104651),
(2878, -34.6, '2022-09-23 04:31:39', 104652),
(2879, -34.3, '2022-09-23 04:31:39', 104653),
(2880, 7.9, '2022-09-23 04:31:39', 104654),
(2881, -36.9, '2022-09-23 04:32:39', 104651),
(2882, -35.8, '2022-09-23 04:32:39', 104652),
(2883, -34.6, '2022-09-23 04:32:39', 104653),
(2884, 8, '2022-09-23 04:32:39', 104654),
(2885, -36.6, '2022-09-23 04:33:39', 104651),
(2886, -37, '2022-09-23 04:33:39', 104652),
(2887, -35, '2022-09-23 04:33:39', 104653),
(2888, 8, '2022-09-23 04:33:39', 104654),
(2889, -36.8, '2022-09-23 04:34:39', 104651),
(2890, -38.3, '2022-09-23 04:34:39', 104652),
(2891, -35.6, '2022-09-23 04:34:39', 104653),
(2892, 7.9, '2022-09-23 04:34:39', 104654),
(2893, -36.8, '2022-09-23 04:35:39', 104651),
(2894, -38.9, '2022-09-23 04:35:39', 104652),
(2895, -36, '2022-09-23 04:35:39', 104653),
(2896, 7.8, '2022-09-23 04:35:39', 104654),
(2897, -37.2, '2022-09-23 04:36:39', 104651),
(2898, -39.7, '2022-09-23 04:36:39', 104652),
(2899, -36.4, '2022-09-23 04:36:39', 104653),
(2900, 7.8, '2022-09-23 04:36:39', 104654),
(2901, -39.4, '2022-09-23 04:37:39', 104651),
(2902, -39.8, '2022-09-23 04:37:39', 104652),
(2903, -38.1, '2022-09-23 04:37:39', 104653),
(2904, 7.7, '2022-09-23 04:37:39', 104654),
(2905, -40.7, '2022-09-23 04:38:39', 104651),
(2906, -40.1, '2022-09-23 04:38:39', 104652),
(2907, -39.8, '2022-09-23 04:38:39', 104653),
(2908, 7.8, '2022-09-23 04:38:39', 104654),
(2909, -39.8, '2022-09-23 04:39:39', 104651),
(2910, -40.3, '2022-09-23 04:39:39', 104652),
(2911, -40.6, '2022-09-23 04:39:39', 104653),
(2912, 7.7, '2022-09-23 04:39:39', 104654),
(2913, -40.3, '2022-09-23 04:40:39', 104651),
(2914, -40.6, '2022-09-23 04:40:39', 104652),
(2915, -41.1, '2022-09-23 04:40:39', 104653),
(2916, 7.7, '2022-09-23 04:40:39', 104654),
(2917, -40.5, '2022-09-23 04:41:39', 104651),
(2918, -40.2, '2022-09-23 04:41:39', 104652),
(2919, -40.9, '2022-09-23 04:41:39', 104653),
(2920, 7.8, '2022-09-23 04:41:39', 104654),
(2921, -40.1, '2022-09-23 04:42:39', 104651),
(2922, -39.3, '2022-09-23 04:42:39', 104652),
(2923, -40.4, '2022-09-23 04:42:39', 104653),
(2924, 7.7, '2022-09-23 04:42:39', 104654),
(2925, -39.8, '2022-09-23 04:43:39', 104651),
(2926, -38.7, '2022-09-23 04:43:39', 104652),
(2927, -39.9, '2022-09-23 04:43:39', 104653),
(2928, 7.5, '2022-09-23 04:43:39', 104654),
(2929, -39.2, '2022-09-23 04:44:39', 104651),
(2930, -38, '2022-09-23 04:44:39', 104652),
(2931, -39, '2022-09-23 04:44:39', 104653),
(2932, 7.6, '2022-09-23 04:44:39', 104654),
(2933, -37.9, '2022-09-23 04:45:39', 104651),
(2934, -35.5, '2022-09-23 04:45:39', 104652),
(2935, -35.3, '2022-09-23 04:45:39', 104653),
(2936, 7.6, '2022-09-23 04:45:39', 104654),
(2937, -32.2, '2022-09-23 04:46:39', 104651),
(2938, -26.2, '2022-09-23 04:46:39', 104652),
(2939, -23.2, '2022-09-23 04:46:39', 104653),
(2940, 7.5, '2022-09-23 04:46:39', 104654),
(2941, -27.6, '2022-09-23 04:47:39', 104651),
(2942, -20.5, '2022-09-23 04:47:39', 104652),
(2943, -17.9, '2022-09-23 04:47:39', 104653),
(2944, 7.6, '2022-09-23 04:47:39', 104654),
(2945, -26.3, '2022-09-23 04:48:39', 104651),
(2946, -20, '2022-09-23 04:48:39', 104652),
(2947, -19.8, '2022-09-23 04:48:39', 104653),
(2948, 7.5, '2022-09-23 04:48:39', 104654),
(2949, -26.9, '2022-09-23 04:49:39', 104651),
(2950, -21.9, '2022-09-23 04:49:39', 104652),
(2951, -22.4, '2022-09-23 04:49:39', 104653),
(2952, 8.4, '2022-09-23 04:49:39', 104654),
(2953, -27.7, '2022-09-23 04:50:39', 104651),
(2954, -21.8, '2022-09-23 04:50:39', 104652),
(2955, -23.9, '2022-09-23 04:50:39', 104653),
(2956, 9.1, '2022-09-23 04:50:39', 104654),
(2957, -27, '2022-09-23 04:51:39', 104651),
(2958, -18.7, '2022-09-23 04:51:39', 104652),
(2959, -21, '2022-09-23 04:51:39', 104653),
(2960, 9.4, '2022-09-23 04:51:39', 104654),
(2961, -26.6, '2022-09-23 04:52:39', 104651),
(2962, -19.5, '2022-09-23 04:52:39', 104652),
(2963, -21.9, '2022-09-23 04:52:39', 104653),
(2964, 9.3, '2022-09-23 04:52:39', 104654),
(2965, -27, '2022-09-23 04:53:39', 104651),
(2966, -21.1, '2022-09-23 04:53:39', 104652),
(2967, -23.8, '2022-09-23 04:53:39', 104653),
(2968, 9.1, '2022-09-23 04:53:39', 104654),
(2969, -24.9, '2022-09-23 04:54:39', 104651),
(2970, -18.2, '2022-09-23 04:54:39', 104652),
(2971, -18.7, '2022-09-23 04:54:39', 104653),
(2972, 9, '2022-09-23 04:54:39', 104654),
(2973, -21.8, '2022-09-23 04:55:39', 104651),
(2974, -14.4, '2022-09-23 04:55:39', 104652),
(2975, -13.7, '2022-09-23 04:55:39', 104653),
(2976, 9.1, '2022-09-23 04:55:39', 104654),
(2977, -18.9, '2022-09-23 04:56:39', 104651),
(2978, -12.1, '2022-09-23 04:56:39', 104652),
(2979, -12.1, '2022-09-23 04:56:39', 104653),
(2980, 8.8, '2022-09-23 04:56:39', 104654),
(2981, -18.7, '2022-09-23 04:57:39', 104651),
(2982, -13.1, '2022-09-23 04:57:39', 104652),
(2983, -14.1, '2022-09-23 04:57:39', 104653),
(2984, 8.7, '2022-09-23 04:57:39', 104654),
(2985, -19.6, '2022-09-23 04:58:39', 104651),
(2986, -15.2, '2022-09-23 04:58:39', 104652),
(2987, -16.7, '2022-09-23 04:58:39', 104653),
(2988, 8.5, '2022-09-23 04:58:39', 104654),
(2989, -20.5, '2022-09-23 04:59:39', 104651),
(2990, -16.9, '2022-09-23 04:59:39', 104652),
(2991, -18.7, '2022-09-23 04:59:39', 104653),
(2992, 8.4, '2022-09-23 04:59:39', 104654),
(2993, -21.4, '2022-09-23 05:00:39', 104651),
(2994, -18.3, '2022-09-23 05:00:39', 104652),
(2995, -20.4, '2022-09-23 05:00:39', 104653),
(2996, 8.3, '2022-09-23 05:00:39', 104654),
(2997, -22.4, '2022-09-23 05:01:39', 104651),
(2998, -19.6, '2022-09-23 05:01:39', 104652),
(2999, -21.7, '2022-09-23 05:01:39', 104653),
(3000, 8.2, '2022-09-23 05:01:39', 104654),
(3001, -23.1, '2022-09-23 05:02:39', 104651),
(3002, -20.5, '2022-09-23 05:02:39', 104652),
(3003, -22.6, '2022-09-23 05:02:39', 104653),
(3004, 8.3, '2022-09-23 05:02:39', 104654),
(3005, -23.5, '2022-09-23 05:03:39', 104651),
(3006, -21.2, '2022-09-23 05:03:39', 104652),
(3007, -23.7, '2022-09-23 05:03:39', 104653),
(3008, 8, '2022-09-23 05:03:39', 104654),
(3009, -24.1, '2022-09-23 05:04:39', 104651),
(3010, -21.8, '2022-09-23 05:04:39', 104652),
(3011, -24.3, '2022-09-23 05:04:39', 104653),
(3012, 8, '2022-09-23 05:04:39', 104654),
(3013, -24.6, '2022-09-23 05:05:39', 104651),
(3014, -22.5, '2022-09-23 05:05:39', 104652),
(3015, -24.9, '2022-09-23 05:05:39', 104653),
(3016, 7.9, '2022-09-23 05:05:39', 104654),
(3017, -24.8, '2022-09-23 05:06:39', 104651),
(3018, -22.8, '2022-09-23 05:06:39', 104652),
(3019, -25.1, '2022-09-23 05:06:39', 104653),
(3020, 8, '2022-09-23 05:06:39', 104654),
(3021, -25.1, '2022-09-23 05:07:39', 104651),
(3022, -23.1, '2022-09-23 05:07:39', 104652),
(3023, -25.6, '2022-09-23 05:07:39', 104653),
(3024, 8, '2022-09-23 05:07:39', 104654),
(3025, -25.4, '2022-09-23 05:08:39', 104651),
(3026, -23.5, '2022-09-23 05:08:39', 104652),
(3027, -25.8, '2022-09-23 05:08:39', 104653),
(3028, 8, '2022-09-23 05:08:39', 104654),
(3029, -25.6, '2022-09-23 05:09:39', 104651),
(3030, -23.7, '2022-09-23 05:09:39', 104652),
(3031, -26.1, '2022-09-23 05:09:39', 104653),
(3032, 7.9, '2022-09-23 05:09:39', 104654),
(3033, -24.5, '2022-09-23 05:10:39', 104651),
(3034, -22, '2022-09-23 05:10:39', 104652),
(3035, -21.8, '2022-09-23 05:10:39', 104653),
(3036, 8, '2022-09-23 05:10:39', 104654),
(3037, -27.4, '2022-09-23 05:11:39', 104651),
(3038, -27.7, '2022-09-23 05:11:39', 104652),
(3039, -29.9, '2022-09-23 05:11:39', 104653),
(3040, 7.9, '2022-09-23 05:11:39', 104654),
(3041, -30.3, '2022-09-23 05:12:40', 104651),
(3042, -29.9, '2022-09-23 05:12:40', 104652),
(3043, -32.2, '2022-09-23 05:12:40', 104653),
(3044, 8, '2022-09-23 05:12:40', 104654),
(3045, -32.9, '2022-09-23 05:13:40', 104651),
(3046, -32.1, '2022-09-23 05:13:40', 104652),
(3047, -34, '2022-09-23 05:13:40', 104653),
(3048, 8.2, '2022-09-23 05:13:40', 104654),
(3049, -35, '2022-09-23 05:14:40', 104651),
(3050, -34.3, '2022-09-23 05:14:40', 104652),
(3051, -35.8, '2022-09-23 05:14:40', 104653),
(3052, 8.1, '2022-09-23 05:14:40', 104654),
(3053, -36.2, '2022-09-23 05:15:40', 104651),
(3054, -35.6, '2022-09-23 05:15:40', 104652),
(3055, -37.3, '2022-09-23 05:15:40', 104653),
(3056, 8.1, '2022-09-23 05:15:40', 104654),
(3057, -37.4, '2022-09-23 05:16:40', 104651),
(3058, -37, '2022-09-23 05:16:40', 104652),
(3059, -38.4, '2022-09-23 05:16:40', 104653),
(3060, 8.1, '2022-09-23 05:16:40', 104654),
(3061, -37.7, '2022-09-23 05:17:40', 104651),
(3062, -37.2, '2022-09-23 05:17:40', 104652),
(3063, -39.1, '2022-09-23 05:17:40', 104653),
(3064, 7.9, '2022-09-23 05:17:40', 104654),
(3065, -33.9, '2022-09-23 05:18:40', 104651),
(3066, -35.9, '2022-09-23 05:18:40', 104652),
(3067, -37.9, '2022-09-23 05:18:40', 104653),
(3068, 8.2, '2022-09-23 05:18:40', 104654),
(3069, -20.7, '2022-09-23 05:19:40', 104651),
(3070, -31, '2022-09-23 05:19:40', 104652),
(3071, -33.6, '2022-09-23 05:19:40', 104653),
(3072, 8.3, '2022-09-23 05:19:40', 104654),
(3073, -8.3, '2022-09-23 05:20:40', 104651),
(3074, -24.1, '2022-09-23 05:20:40', 104652),
(3075, -22.7, '2022-09-23 05:20:40', 104653),
(3076, 8.5, '2022-09-23 05:20:40', 104654),
(3077, 0.1, '2022-09-23 05:21:40', 104651),
(3078, -16.9, '2022-09-23 05:21:40', 104652),
(3079, -14.1, '2022-09-23 05:21:40', 104653),
(3080, 8.4, '2022-09-23 05:21:40', 104654),
(3081, 5.2, '2022-09-23 05:22:40', 104651),
(3082, -11.9, '2022-09-23 05:22:40', 104652),
(3083, -10.8, '2022-09-23 05:22:40', 104653),
(3084, 8.5, '2022-09-23 05:22:40', 104654),
(3085, 7.4, '2022-09-23 05:23:40', 104651),
(3086, -10, '2022-09-23 05:23:40', 104652),
(3087, -6.6, '2022-09-23 05:23:40', 104653),
(3088, 8.6, '2022-09-23 05:23:40', 104654),
(3089, 8.4, '2022-09-23 05:24:40', 104651),
(3090, -8.9, '2022-09-23 05:24:40', 104652),
(3091, -4.4, '2022-09-23 05:24:40', 104653),
(3092, 8.8, '2022-09-23 05:24:40', 104654),
(3093, 9, '2022-09-23 05:25:40', 104651),
(3094, -6.6, '2022-09-23 05:25:40', 104652),
(3095, -3.1, '2022-09-23 05:25:40', 104653),
(3096, 8.8, '2022-09-23 05:25:40', 104654),
(3097, 9.5, '2022-09-23 05:26:40', 104651),
(3098, -4.4, '2022-09-23 05:26:40', 104652),
(3099, -2.3, '2022-09-23 05:26:40', 104653),
(3100, 8.8, '2022-09-23 05:26:40', 104654),
(3101, 10.1, '2022-09-23 05:27:40', 104651),
(3102, -1.9, '2022-09-23 05:27:40', 104652),
(3103, -1.5, '2022-09-23 05:27:40', 104653),
(3104, 9, '2022-09-23 05:27:40', 104654),
(3105, 10.1, '2022-09-23 05:28:40', 104651),
(3106, -1.1, '2022-09-23 05:28:40', 104652),
(3107, -1.1, '2022-09-23 05:28:40', 104653),
(3108, 8.9, '2022-09-23 05:28:40', 104654),
(3109, 10.5, '2022-09-23 05:29:40', 104651),
(3110, 0.1, '2022-09-23 05:29:40', 104652),
(3111, -0.4, '2022-09-23 05:29:40', 104653),
(3112, 9.1, '2022-09-23 05:29:40', 104654),
(3113, 10.3, '2022-09-23 05:30:40', 104651),
(3114, 0.6, '2022-09-23 05:30:40', 104652),
(3115, -0.2, '2022-09-23 05:30:40', 104653),
(3116, 9.1, '2022-09-23 05:30:40', 104654),
(3117, 10.4, '2022-09-23 05:31:40', 104651),
(3118, 0.8, '2022-09-23 05:31:40', 104652),
(3119, 0.2, '2022-09-23 05:31:40', 104653),
(3120, 9.1, '2022-09-23 05:31:40', 104654),
(3121, 10.8, '2022-09-23 05:32:40', 104651),
(3122, 1, '2022-09-23 05:32:40', 104652),
(3123, 0.6, '2022-09-23 05:32:40', 104653),
(3124, 9.2, '2022-09-23 05:32:40', 104654),
(3125, 10.6, '2022-09-23 05:33:40', 104651),
(3126, 1.5, '2022-09-23 05:33:40', 104652),
(3127, 0.8, '2022-09-23 05:33:40', 104653),
(3128, 9.1, '2022-09-23 05:33:40', 104654),
(3129, 10.4, '2022-09-23 05:34:40', 104651),
(3130, 1.9, '2022-09-23 05:34:40', 104652),
(3131, 1.4, '2022-09-23 05:34:40', 104653),
(3132, 9.4, '2022-09-23 05:34:40', 104654),
(3133, 10.6, '2022-09-23 05:35:40', 104651),
(3134, 2.5, '2022-09-23 05:35:40', 104652),
(3135, 1.6, '2022-09-23 05:35:40', 104653),
(3136, 9.2, '2022-09-23 05:35:40', 104654),
(3137, 10.7, '2022-09-23 05:36:40', 104651),
(3138, 3.3, '2022-09-23 05:36:40', 104652),
(3139, 1.8, '2022-09-23 05:36:40', 104653),
(3140, 9.1, '2022-09-23 05:36:40', 104654),
(3141, 11, '2022-09-23 05:37:40', 104651),
(3142, 3.5, '2022-09-23 05:37:40', 104652),
(3143, 1.9, '2022-09-23 05:37:40', 104653),
(3144, 9.1, '2022-09-23 05:37:40', 104654),
(3145, 10.8, '2022-09-23 05:38:40', 104651),
(3146, 3.9, '2022-09-23 05:38:40', 104652),
(3147, 2.1, '2022-09-23 05:38:40', 104653),
(3148, 9.1, '2022-09-23 05:38:40', 104654),
(3149, 10.7, '2022-09-23 05:39:40', 104651),
(3150, 4.3, '2022-09-23 05:39:40', 104652),
(3151, 1.7, '2022-09-23 05:39:40', 104653),
(3152, 9, '2022-09-23 05:39:40', 104654),
(3153, 10.5, '2022-09-23 05:40:40', 104651),
(3154, 4.4, '2022-09-23 05:40:40', 104652),
(3155, 1.9, '2022-09-23 05:40:40', 104653),
(3156, 9, '2022-09-23 05:40:40', 104654),
(3157, 10.7, '2022-09-23 05:41:40', 104651),
(3158, 4.6, '2022-09-23 05:41:40', 104652),
(3159, 1.9, '2022-09-23 05:41:40', 104653),
(3160, 9.4, '2022-09-23 05:41:40', 104654),
(3161, 10.9, '2022-09-23 05:42:40', 104651),
(3162, 4.7, '2022-09-23 05:42:40', 104652),
(3163, 2, '2022-09-23 05:42:40', 104653),
(3164, 9.7, '2022-09-23 05:42:40', 104654),
(3165, 10.7, '2022-09-23 05:43:40', 104651),
(3166, 4.4, '2022-09-23 05:43:40', 104652),
(3167, 2.1, '2022-09-23 05:43:40', 104653),
(3168, 9.8, '2022-09-23 05:43:40', 104654),
(3169, 10.9, '2022-09-23 05:44:40', 104651),
(3170, 4.4, '2022-09-23 05:44:40', 104652),
(3171, 2.2, '2022-09-23 05:44:40', 104653),
(3172, 10, '2022-09-23 05:44:40', 104654),
(3173, 10.6, '2022-09-23 05:45:40', 104651),
(3174, 4.5, '2022-09-23 05:45:40', 104652),
(3175, 2.4, '2022-09-23 05:45:40', 104653),
(3176, 10.2, '2022-09-23 05:45:40', 104654),
(3177, 10.7, '2022-09-23 05:46:40', 104651),
(3178, 4.7, '2022-09-23 05:46:40', 104652),
(3179, 2.6, '2022-09-23 05:46:40', 104653),
(3180, 10.2, '2022-09-23 05:46:40', 104654),
(3181, 10.9, '2022-09-23 05:47:40', 104651),
(3182, 5.3, '2022-09-23 05:47:40', 104652),
(3183, 3.2, '2022-09-23 05:47:40', 104653),
(3184, 10.5, '2022-09-23 05:47:40', 104654),
(3185, 10.5, '2022-09-23 05:48:40', 104651),
(3186, 4.8, '2022-09-23 05:48:40', 104652),
(3187, 3.5, '2022-09-23 05:48:40', 104653),
(3188, 10.5, '2022-09-23 05:48:40', 104654),
(3189, 10.7, '2022-09-23 05:49:40', 104651),
(3190, 5.5, '2022-09-23 05:49:40', 104652),
(3191, 4.2, '2022-09-23 05:49:40', 104653),
(3192, 10.6, '2022-09-23 05:49:40', 104654),
(3193, 10.8, '2022-09-23 05:50:40', 104651),
(3194, 5.9, '2022-09-23 05:50:40', 104652),
(3195, 4.7, '2022-09-23 05:50:40', 104653),
(3196, 10.7, '2022-09-23 05:50:40', 104654),
(3197, 10.8, '2022-09-23 05:51:40', 104651),
(3198, 6.1, '2022-09-23 05:51:40', 104652),
(3199, 5, '2022-09-23 05:51:40', 104653),
(3200, 10.7, '2022-09-23 05:51:40', 104654),
(3201, 10.3, '2022-09-23 05:52:40', 104651),
(3202, 6.2, '2022-09-23 05:52:40', 104652),
(3203, 5.6, '2022-09-23 05:52:40', 104653),
(3204, 10.9, '2022-09-23 05:52:40', 104654),
(3205, 10.5, '2022-09-23 05:53:40', 104651),
(3206, 6.4, '2022-09-23 05:53:40', 104652),
(3207, 5.8, '2022-09-23 05:53:40', 104653),
(3208, 11, '2022-09-23 05:53:40', 104654),
(3209, 10.5, '2022-09-23 05:54:40', 104651),
(3210, 7.1, '2022-09-23 05:54:40', 104652),
(3211, 6.1, '2022-09-23 05:54:40', 104653),
(3212, 10.9, '2022-09-23 05:54:40', 104654),
(3213, 10.4, '2022-09-23 05:55:40', 104651),
(3214, 7.6, '2022-09-23 05:55:40', 104652),
(3215, 6.5, '2022-09-23 05:55:40', 104653),
(3216, 10.9, '2022-09-23 05:55:40', 104654),
(3217, 10.4, '2022-09-23 05:56:40', 104651),
(3218, 8.4, '2022-09-23 05:56:40', 104652),
(3219, 6.6, '2022-09-23 05:56:40', 104653),
(3220, 10.8, '2022-09-23 05:56:40', 104654),
(3221, 10.2, '2022-09-23 05:57:40', 104651),
(3222, 8.7, '2022-09-23 05:57:40', 104652),
(3223, 6.7, '2022-09-23 05:57:40', 104653),
(3224, 10.6, '2022-09-23 05:57:40', 104654),
(3225, 10.1, '2022-09-23 05:58:40', 104651),
(3226, 8.8, '2022-09-23 05:58:40', 104652),
(3227, 7.1, '2022-09-23 05:58:40', 104653),
(3228, 10.6, '2022-09-23 05:58:40', 104654),
(3229, 10.2, '2022-09-23 05:59:40', 104651),
(3230, 9, '2022-09-23 05:59:40', 104652),
(3231, 7.2, '2022-09-23 05:59:40', 104653),
(3232, 10.4, '2022-09-23 05:59:40', 104654),
(3233, 10, '2022-09-23 06:00:40', 104651),
(3234, 9.1, '2022-09-23 06:00:40', 104652),
(3235, 7.4, '2022-09-23 06:00:40', 104653),
(3236, 10.3, '2022-09-23 06:00:40', 104654),
(3237, 10.1, '2022-09-23 06:01:40', 104651),
(3238, 9.2, '2022-09-23 06:01:40', 104652),
(3239, 7.5, '2022-09-23 06:01:40', 104653),
(3240, 10.3, '2022-09-23 06:01:40', 104654),
(3241, 10.3, '2022-09-23 06:02:40', 104651),
(3242, 9.8, '2022-09-23 06:02:40', 104652),
(3243, 7.7, '2022-09-23 06:02:40', 104653),
(3244, 10.2, '2022-09-23 06:02:40', 104654),
(3245, 10.2, '2022-09-23 06:03:40', 104651),
(3246, 9.9, '2022-09-23 06:03:40', 104652),
(3247, 8, '2022-09-23 06:03:40', 104653),
(3248, 10.2, '2022-09-23 06:03:40', 104654),
(3249, 10.2, '2022-09-23 06:04:40', 104651),
(3250, 10.1, '2022-09-23 06:04:40', 104652),
(3251, 8.1, '2022-09-23 06:04:40', 104653),
(3252, 10.2, '2022-09-23 06:04:40', 104654),
(3253, 10.3, '2022-09-23 06:05:40', 104651),
(3254, 10.3, '2022-09-23 06:05:40', 104652),
(3255, 8.3, '2022-09-23 06:05:40', 104653),
(3256, 10.3, '2022-09-23 06:05:40', 104654),
(3257, 8.7, '2022-09-23 06:06:40', 104651),
(3258, 10.1, '2022-09-23 06:06:40', 104652),
(3259, 7.7, '2022-09-23 06:06:40', 104653),
(3260, 10.4, '2022-09-23 06:06:40', 104654),
(3261, 0.8, '2022-09-23 06:07:40', 104651),
(3262, 4.8, '2022-09-23 06:07:40', 104652),
(3263, 3.5, '2022-09-23 06:07:40', 104653),
(3264, 10.3, '2022-09-23 06:07:40', 104654),
(3265, -2.8, '2022-09-23 06:08:40', 104651),
(3266, -0.9, '2022-09-23 06:08:40', 104652),
(3267, 0.7, '2022-09-23 06:08:40', 104653),
(3268, 10.5, '2022-09-23 06:08:40', 104654),
(3269, -4.7, '2022-09-23 06:09:41', 104651),
(3270, -5.8, '2022-09-23 06:09:41', 104652),
(3271, -1.6, '2022-09-23 06:09:41', 104653),
(3272, 10.7, '2022-09-23 06:09:41', 104654),
(3273, -6.1, '2022-09-23 06:10:41', 104651),
(3274, -9.6, '2022-09-23 06:10:41', 104652),
(3275, -3.4, '2022-09-23 06:10:41', 104653),
(3276, 10.9, '2022-09-23 06:10:41', 104654),
(3277, -7.3, '2022-09-23 06:11:41', 104651),
(3278, -11.6, '2022-09-23 06:11:41', 104652),
(3279, -5, '2022-09-23 06:11:41', 104653),
(3280, 10.9, '2022-09-23 06:11:41', 104654),
(3281, -7.8, '2022-09-23 06:12:41', 104651),
(3282, -10.2, '2022-09-23 06:12:41', 104652),
(3283, -5.2, '2022-09-23 06:12:41', 104653),
(3284, 11.2, '2022-09-23 06:12:41', 104654),
(3285, -6.9, '2022-09-23 06:13:41', 104651),
(3286, -4, '2022-09-23 06:13:41', 104652),
(3287, -4.2, '2022-09-23 06:13:41', 104653),
(3288, 11.4, '2022-09-23 06:13:41', 104654),
(3289, -6.1, '2022-09-23 06:14:41', 104651),
(3290, -1.5, '2022-09-23 06:14:41', 104652),
(3291, -3.1, '2022-09-23 06:14:41', 104653),
(3292, 11.4, '2022-09-23 06:14:41', 104654),
(3293, -5.8, '2022-09-23 06:15:41', 104651),
(3294, -0.8, '2022-09-23 06:15:41', 104652),
(3295, -2.7, '2022-09-23 06:15:41', 104653),
(3296, 11.3, '2022-09-23 06:15:41', 104654),
(3297, -5.4, '2022-09-23 06:16:41', 104651),
(3298, -0.4, '2022-09-23 06:16:41', 104652),
(3299, -2.4, '2022-09-23 06:16:41', 104653),
(3300, 11.2, '2022-09-23 06:16:41', 104654),
(3301, -5.2, '2022-09-23 06:17:41', 104651),
(3302, -0.2, '2022-09-23 06:17:41', 104652),
(3303, -2.2, '2022-09-23 06:17:41', 104653),
(3304, 11, '2022-09-23 06:17:41', 104654),
(3305, -5.2, '2022-09-23 06:18:41', 104651),
(3306, -0.1, '2022-09-23 06:18:41', 104652),
(3307, -1.9, '2022-09-23 06:18:41', 104653),
(3308, 10.9, '2022-09-23 06:18:41', 104654),
(3309, -36.1, '2022-09-24 10:08:08', 104651),
(3310, -20.7, '2022-09-24 10:08:08', 104652),
(3311, -27, '2022-09-24 10:08:08', 104653),
(3312, 10.9, '2022-09-24 10:08:08', 104654),
(3313, -31.4, '2022-09-24 10:09:09', 104651),
(3314, -13.7, '2022-09-24 10:09:09', 104652),
(3315, -19.7, '2022-09-24 10:09:09', 104653),
(3316, 11.1, '2022-09-24 10:09:09', 104654),
(3317, -28.4, '2022-09-24 10:10:09', 104651),
(3318, -11.4, '2022-09-24 10:10:09', 104652),
(3319, -17, '2022-09-24 10:10:09', 104653),
(3320, 10.9, '2022-09-24 10:10:09', 104654),
(3321, -26.7, '2022-09-24 10:11:09', 104651),
(3322, -11.5, '2022-09-24 10:11:09', 104652),
(3323, -16.6, '2022-09-24 10:11:09', 104653),
(3324, 10.6, '2022-09-24 10:11:09', 104654),
(3325, -27.7, '2022-09-24 10:12:09', 104651),
(3326, -19.2, '2022-09-24 10:12:09', 104652),
(3327, -24.6, '2022-09-24 10:12:09', 104653),
(3328, 10.2, '2022-09-24 10:12:09', 104654),
(3329, -26, '2022-09-24 10:13:09', 104651),
(3330, -14.3, '2022-09-24 10:13:09', 104652),
(3331, -19.5, '2022-09-24 10:13:09', 104653),
(3332, 9.8, '2022-09-24 10:13:09', 104654),
(3333, -24.7, '2022-09-24 10:14:09', 104651),
(3334, -13.1, '2022-09-24 10:14:09', 104652),
(3335, -17.4, '2022-09-24 10:14:09', 104653),
(3336, 9.6, '2022-09-24 10:14:09', 104654),
(3337, -24.1, '2022-09-24 10:15:09', 104651),
(3338, -13, '2022-09-24 10:15:09', 104652),
(3339, -16.8, '2022-09-24 10:15:09', 104653),
(3340, 9.2, '2022-09-24 10:15:09', 104654),
(3341, -23.5, '2022-09-24 10:16:09', 104651),
(3342, -13, '2022-09-24 10:16:09', 104652),
(3343, -16.6, '2022-09-24 10:16:09', 104653),
(3344, 9.1, '2022-09-24 10:16:09', 104654),
(3345, -22.3, '2022-09-24 10:17:09', 104651),
(3346, -13.2, '2022-09-24 10:17:09', 104652),
(3347, -14.9, '2022-09-24 10:17:09', 104653),
(3348, 8.8, '2022-09-24 10:17:09', 104654),
(3349, -20.4, '2022-09-24 10:18:09', 104651),
(3350, -12.9, '2022-09-24 10:18:09', 104652),
(3351, -12.4, '2022-09-24 10:18:09', 104653),
(3352, 8.5, '2022-09-24 10:18:09', 104654),
(3353, -18.6, '2022-09-24 10:19:09', 104651),
(3354, -12.4, '2022-09-24 10:19:09', 104652),
(3355, -11.3, '2022-09-24 10:19:09', 104653),
(3356, 8.5, '2022-09-24 10:19:09', 104654),
(3357, -16.9, '2022-09-24 10:20:09', 104651),
(3358, -11.6, '2022-09-24 10:20:09', 104652),
(3359, -10.5, '2022-09-24 10:20:09', 104653),
(3360, 8.2, '2022-09-24 10:20:09', 104654),
(3361, -19.8, '2022-09-24 10:21:09', 104651),
(3362, -16.8, '2022-09-24 10:21:09', 104652),
(3363, -20.1, '2022-09-24 10:21:09', 104653),
(3364, 7.7, '2022-09-24 10:21:09', 104654),
(3365, -21, '2022-09-24 10:22:09', 104651),
(3366, -16.1, '2022-09-24 10:22:09', 104652),
(3367, -22.3, '2022-09-24 10:22:09', 104653),
(3368, 7.2, '2022-09-24 10:22:09', 104654),
(3369, -21.5, '2022-09-24 10:23:09', 104651),
(3370, -17.6, '2022-09-24 10:23:09', 104652),
(3371, -23.9, '2022-09-24 10:23:09', 104653),
(3372, 6.5, '2022-09-24 10:23:09', 104654),
(3373, -22.3, '2022-09-24 10:24:09', 104651),
(3374, -19.8, '2022-09-24 10:24:09', 104652),
(3375, -25.4, '2022-09-24 10:24:09', 104653),
(3376, 6.4, '2022-09-24 10:24:09', 104654),
(3377, -22.9, '2022-09-24 10:25:09', 104651),
(3378, -21.7, '2022-09-24 10:25:09', 104652),
(3379, -26.5, '2022-09-24 10:25:09', 104653),
(3380, 6.5, '2022-09-24 10:25:09', 104654),
(3381, -23.9, '2022-09-24 10:26:09', 104651),
(3382, -23.2, '2022-09-24 10:26:09', 104652),
(3383, -27.7, '2022-09-24 10:26:09', 104653),
(3384, 6.5, '2022-09-24 10:26:09', 104654),
(3385, -24.5, '2022-09-24 10:27:09', 104651),
(3386, -23.8, '2022-09-24 10:27:09', 104652),
(3387, -28.7, '2022-09-24 10:27:09', 104653),
(3388, 6.1, '2022-09-24 10:27:09', 104654),
(3389, -24.8, '2022-09-24 10:28:09', 104651),
(3390, -22.9, '2022-09-24 10:28:09', 104652),
(3391, -28.4, '2022-09-24 10:28:09', 104653),
(3392, 6.1, '2022-09-24 10:28:09', 104654),
(3393, -25.1, '2022-09-24 10:29:09', 104651),
(3394, -23.4, '2022-09-24 10:29:09', 104652),
(3395, -27.9, '2022-09-24 10:29:09', 104653),
(3396, 5.9, '2022-09-24 10:29:09', 104654),
(3397, -25.4, '2022-09-24 10:30:09', 104651),
(3398, -24.3, '2022-09-24 10:30:09', 104652),
(3399, -28.2, '2022-09-24 10:30:09', 104653),
(3400, 6.6, '2022-09-24 10:30:09', 104654),
(3401, -25.7, '2022-09-24 10:31:09', 104651),
(3402, -25.2, '2022-09-24 10:31:09', 104652),
(3403, -28.7, '2022-09-24 10:31:09', 104653),
(3404, 7.4, '2022-09-24 10:31:09', 104654),
(3405, -25.6, '2022-09-24 10:32:09', 104651),
(3406, -24.5, '2022-09-24 10:32:09', 104652),
(3407, -28.8, '2022-09-24 10:32:09', 104653),
(3408, 7.1, '2022-09-24 10:32:09', 104654),
(3409, -24.8, '2022-09-24 10:33:09', 104651),
(3410, -25.1, '2022-09-24 10:33:09', 104652),
(3411, -28.7, '2022-09-24 10:33:09', 104653),
(3412, 5.9, '2022-09-24 10:33:09', 104654),
(3413, -24.8, '2022-09-24 10:34:09', 104651),
(3414, -26.3, '2022-09-24 10:34:09', 104652),
(3415, -29.1, '2022-09-24 10:34:09', 104653),
(3416, 5.7, '2022-09-24 10:34:09', 104654),
(3417, -25.4, '2022-09-24 10:35:09', 104651),
(3418, -27.7, '2022-09-24 10:35:09', 104652),
(3419, -29.4, '2022-09-24 10:35:09', 104653),
(3420, 5.8, '2022-09-24 10:35:09', 104654),
(3421, -25.5, '2022-09-24 10:36:09', 104651),
(3422, -28.3, '2022-09-24 10:36:09', 104652),
(3423, -29.9, '2022-09-24 10:36:09', 104653),
(3424, 5.7, '2022-09-24 10:36:09', 104654),
(3425, -25.6, '2022-09-24 10:37:09', 104651),
(3426, -29.2, '2022-09-24 10:37:09', 104652),
(3427, -30.5, '2022-09-24 10:37:09', 104653),
(3428, 5.5, '2022-09-24 10:37:09', 104654),
(3429, -25.7, '2022-09-24 10:38:09', 104651),
(3430, -29.7, '2022-09-24 10:38:09', 104652),
(3431, -30.7, '2022-09-24 10:38:09', 104653),
(3432, 5.7, '2022-09-24 10:38:09', 104654),
(3433, -26.1, '2022-09-24 10:39:09', 104651),
(3434, -30.4, '2022-09-24 10:39:09', 104652),
(3435, -31.1, '2022-09-24 10:39:09', 104653),
(3436, 5.7, '2022-09-24 10:39:09', 104654),
(3437, -25.9, '2022-09-24 10:40:09', 104651),
(3438, -30.7, '2022-09-24 10:40:09', 104652),
(3439, -31.2, '2022-09-24 10:40:09', 104653),
(3440, 5.8, '2022-09-24 10:40:09', 104654),
(3441, -26.3, '2022-09-24 10:41:09', 104651),
(3442, -31.1, '2022-09-24 10:41:09', 104652),
(3443, -31.6, '2022-09-24 10:41:09', 104653),
(3444, 5.7, '2022-09-24 10:41:09', 104654),
(3445, -26.7, '2022-09-24 10:42:09', 104651),
(3446, -31.5, '2022-09-24 10:42:09', 104652),
(3447, -32, '2022-09-24 10:42:09', 104653),
(3448, 5.7, '2022-09-24 10:42:09', 104654),
(3449, -27.3, '2022-09-24 10:43:09', 104651),
(3450, -31.9, '2022-09-24 10:43:09', 104652),
(3451, -32.3, '2022-09-24 10:43:09', 104653),
(3452, 5.7, '2022-09-24 10:43:09', 104654),
(3453, -27.3, '2022-09-24 10:44:09', 104651),
(3454, -32, '2022-09-24 10:44:09', 104652),
(3455, -32.6, '2022-09-24 10:44:09', 104653),
(3456, 5.7, '2022-09-24 10:44:09', 104654),
(3457, -27.4, '2022-09-24 10:45:09', 104651),
(3458, -32.3, '2022-09-24 10:45:09', 104652),
(3459, -32.8, '2022-09-24 10:45:09', 104653),
(3460, 5.8, '2022-09-24 10:45:09', 104654),
(3461, -27.4, '2022-09-24 10:46:09', 104651),
(3462, -32.2, '2022-09-24 10:46:09', 104652),
(3463, -33, '2022-09-24 10:46:09', 104653),
(3464, 5.7, '2022-09-24 10:46:09', 104654),
(3465, -27.9, '2022-09-24 10:47:09', 104651),
(3466, -32.4, '2022-09-24 10:47:09', 104652),
(3467, -33.1, '2022-09-24 10:47:09', 104653),
(3468, 5.7, '2022-09-24 10:47:09', 104654),
(3469, -28.5, '2022-09-24 10:48:09', 104651),
(3470, -32.4, '2022-09-24 10:48:09', 104652),
(3471, -33.3, '2022-09-24 10:48:09', 104653),
(3472, 5.8, '2022-09-24 10:48:09', 104654),
(3473, -29.1, '2022-09-24 10:49:09', 104651),
(3474, -32.4, '2022-09-24 10:49:09', 104652),
(3475, -33.5, '2022-09-24 10:49:09', 104653),
(3476, 5.7, '2022-09-24 10:49:09', 104654),
(3477, -29.5, '2022-09-24 10:50:09', 104651),
(3478, -32.4, '2022-09-24 10:50:09', 104652),
(3479, -33.4, '2022-09-24 10:50:09', 104653),
(3480, 5.8, '2022-09-24 10:50:09', 104654),
(3481, -30.1, '2022-09-24 10:51:09', 104651),
(3482, -32.1, '2022-09-24 10:51:09', 104652),
(3483, -33.5, '2022-09-24 10:51:09', 104653),
(3484, 5.8, '2022-09-24 10:51:09', 104654),
(3485, -30.6, '2022-09-24 10:52:09', 104651),
(3486, -31.9, '2022-09-24 10:52:09', 104652);
INSERT INTO `temperature_2022_09` (`id`, `temperature`, `date_time`, `device_manual_id`) VALUES
(3487, -33.7, '2022-09-24 10:52:09', 104653),
(3488, 5.7, '2022-09-24 10:52:09', 104654),
(3489, -31.1, '2022-09-24 10:53:09', 104651),
(3490, -31.7, '2022-09-24 10:53:09', 104652),
(3491, -33.6, '2022-09-24 10:53:09', 104653),
(3492, 5.9, '2022-09-24 10:53:09', 104654),
(3493, -31.8, '2022-09-24 10:54:09', 104651),
(3494, -31.9, '2022-09-24 10:54:09', 104652),
(3495, -33.8, '2022-09-24 10:54:09', 104653),
(3496, 5.8, '2022-09-24 10:54:09', 104654),
(3497, -32.1, '2022-09-24 10:55:09', 104651),
(3498, -31.8, '2022-09-24 10:55:09', 104652),
(3499, -34.1, '2022-09-24 10:55:09', 104653),
(3500, 5.8, '2022-09-24 10:55:09', 104654),
(3501, -32.5, '2022-09-24 10:56:09', 104651),
(3502, -32, '2022-09-24 10:56:09', 104652),
(3503, -34.1, '2022-09-24 10:56:09', 104653),
(3504, 5.9, '2022-09-24 10:56:09', 104654),
(3505, -32.9, '2022-09-24 10:57:09', 104651),
(3506, -32.3, '2022-09-24 10:57:09', 104652),
(3507, -34.6, '2022-09-24 10:57:09', 104653),
(3508, 5.7, '2022-09-24 10:57:09', 104654),
(3509, -33.3, '2022-09-24 10:58:09', 104651),
(3510, -32.6, '2022-09-24 10:58:09', 104652),
(3511, -34.6, '2022-09-24 10:58:09', 104653),
(3512, 5.8, '2022-09-24 10:58:09', 104654),
(3513, -33.4, '2022-09-24 10:59:09', 104651),
(3514, -32.6, '2022-09-24 10:59:09', 104652),
(3515, -34.9, '2022-09-24 10:59:09', 104653),
(3516, 5.7, '2022-09-24 10:59:09', 104654),
(3517, -33.5, '2022-09-24 11:00:09', 104651),
(3518, -32.8, '2022-09-24 11:00:09', 104652),
(3519, -35.1, '2022-09-24 11:00:09', 104653),
(3520, 5.7, '2022-09-24 11:00:09', 104654),
(3521, -34, '2022-09-24 11:01:09', 104651),
(3522, -33.2, '2022-09-24 11:01:09', 104652),
(3523, -35.2, '2022-09-24 11:01:09', 104653),
(3524, 5.8, '2022-09-24 11:01:09', 104654),
(3525, -34, '2022-09-24 11:02:09', 104651),
(3526, -33.1, '2022-09-24 11:02:09', 104652),
(3527, -35.3, '2022-09-24 11:02:09', 104653),
(3528, 5.8, '2022-09-24 11:02:09', 104654),
(3529, -34.3, '2022-09-24 11:03:09', 104651),
(3530, -33.5, '2022-09-24 11:03:09', 104652),
(3531, -35.3, '2022-09-24 11:03:09', 104653),
(3532, 6.1, '2022-09-24 11:03:09', 104654),
(3533, -34.3, '2022-09-24 11:04:09', 104651),
(3534, -33.4, '2022-09-24 11:04:09', 104652),
(3535, -35.5, '2022-09-24 11:04:09', 104653),
(3536, 7.1, '2022-09-24 11:04:09', 104654),
(3537, -34.6, '2022-09-24 11:05:09', 104651),
(3538, -33.5, '2022-09-24 11:05:09', 104652),
(3539, -35.7, '2022-09-24 11:05:09', 104653),
(3540, 7.9, '2022-09-24 11:05:09', 104654),
(3541, -33.7, '2022-09-24 11:06:09', 104651),
(3542, -23.1, '2022-09-24 11:06:09', 104652),
(3543, -27.7, '2022-09-24 11:06:09', 104653),
(3544, 8.1, '2022-09-24 11:06:09', 104654),
(3545, -32.5, '2022-09-24 11:07:10', 104651),
(3546, -26.2, '2022-09-24 11:07:10', 104652),
(3547, -29, '2022-09-24 11:07:10', 104653),
(3548, 7.9, '2022-09-24 11:07:10', 104654),
(3549, -31.5, '2022-09-24 11:08:10', 104651),
(3550, -27.6, '2022-09-24 11:08:10', 104652),
(3551, -30.4, '2022-09-24 11:08:10', 104653),
(3552, 7.7, '2022-09-24 11:08:10', 104654),
(3553, -31, '2022-09-24 11:09:10', 104651),
(3554, -27.9, '2022-09-24 11:09:10', 104652),
(3555, -30.2, '2022-09-24 11:09:10', 104653),
(3556, 7.4, '2022-09-24 11:09:10', 104654),
(3557, -31.1, '2022-09-24 11:10:10', 104651),
(3558, -28.8, '2022-09-24 11:10:10', 104652),
(3559, -30.5, '2022-09-24 11:10:10', 104653),
(3560, 7.1, '2022-09-24 11:10:10', 104654),
(3561, -31.5, '2022-09-24 11:11:10', 104651),
(3562, -29.4, '2022-09-24 11:11:10', 104652),
(3563, -30.9, '2022-09-24 11:11:10', 104653),
(3564, 7.1, '2022-09-24 11:11:10', 104654),
(3565, -31.9, '2022-09-24 11:12:10', 104651),
(3566, -30, '2022-09-24 11:12:10', 104652),
(3567, -31.4, '2022-09-24 11:12:10', 104653),
(3568, 7, '2022-09-24 11:12:10', 104654),
(3569, -31.9, '2022-09-24 11:13:10', 104651),
(3570, -30, '2022-09-24 11:13:10', 104652),
(3571, -32.1, '2022-09-24 11:13:10', 104653),
(3572, 6.8, '2022-09-24 11:13:10', 104654),
(3573, -32.3, '2022-09-24 11:14:10', 104651),
(3574, -30.5, '2022-09-24 11:14:10', 104652),
(3575, -32.7, '2022-09-24 11:14:10', 104653),
(3576, 6.6, '2022-09-24 11:14:10', 104654),
(3577, -32.5, '2022-09-24 11:15:10', 104651),
(3578, -30.6, '2022-09-24 11:15:10', 104652),
(3579, -32.9, '2022-09-24 11:15:10', 104653),
(3580, 6.6, '2022-09-24 11:15:10', 104654),
(3581, -32.8, '2022-09-24 11:16:10', 104651),
(3582, -30.8, '2022-09-24 11:16:10', 104652),
(3583, -33.2, '2022-09-24 11:16:10', 104653),
(3584, 6.5, '2022-09-24 11:16:10', 104654),
(3585, -33, '2022-09-24 11:17:10', 104651),
(3586, -31, '2022-09-24 11:17:10', 104652),
(3587, -33.4, '2022-09-24 11:17:10', 104653),
(3588, 6.4, '2022-09-24 11:17:10', 104654),
(3589, -33.1, '2022-09-24 11:18:10', 104651),
(3590, -31.2, '2022-09-24 11:18:10', 104652),
(3591, -33.7, '2022-09-24 11:18:10', 104653),
(3592, 6.3, '2022-09-24 11:18:10', 104654),
(3593, -33.2, '2022-09-24 11:19:10', 104651),
(3594, -31.4, '2022-09-24 11:19:10', 104652),
(3595, -34, '2022-09-24 11:19:10', 104653),
(3596, 6.3, '2022-09-24 11:19:10', 104654),
(3597, -33.6, '2022-09-24 11:20:10', 104651),
(3598, -31.8, '2022-09-24 11:20:10', 104652),
(3599, -34.2, '2022-09-24 11:20:10', 104653),
(3600, 6.2, '2022-09-24 11:20:10', 104654),
(3601, -33.8, '2022-09-24 11:21:10', 104651),
(3602, -32.1, '2022-09-24 11:21:10', 104652),
(3603, -34.4, '2022-09-24 11:21:10', 104653),
(3604, 6.2, '2022-09-24 11:21:10', 104654),
(3605, -33.7, '2022-09-24 11:22:10', 104651),
(3606, -32, '2022-09-24 11:22:10', 104652),
(3607, -34.4, '2022-09-24 11:22:10', 104653),
(3608, 6.2, '2022-09-24 11:22:10', 104654),
(3609, -34.2, '2022-09-24 11:23:10', 104651),
(3610, -32.6, '2022-09-24 11:23:10', 104652),
(3611, -34.4, '2022-09-24 11:23:10', 104653),
(3612, 6.4, '2022-09-24 11:23:10', 104654),
(3613, -34.3, '2022-09-24 11:24:10', 104651),
(3614, -32.8, '2022-09-24 11:24:10', 104652),
(3615, -34.6, '2022-09-24 11:24:10', 104653),
(3616, 6.2, '2022-09-24 11:24:10', 104654),
(3617, -34.1, '2022-09-24 11:25:10', 104651),
(3618, -32.5, '2022-09-24 11:25:10', 104652),
(3619, -34.7, '2022-09-24 11:25:10', 104653),
(3620, 6.2, '2022-09-24 11:25:10', 104654),
(3621, -34.2, '2022-09-24 11:26:10', 104651),
(3622, -32.6, '2022-09-24 11:26:10', 104652),
(3623, -34.7, '2022-09-24 11:26:10', 104653),
(3624, 6.3, '2022-09-24 11:26:10', 104654),
(3625, -34.5, '2022-09-24 11:27:10', 104651),
(3626, -32.9, '2022-09-24 11:27:10', 104652),
(3627, -34.7, '2022-09-24 11:27:10', 104653),
(3628, 6.4, '2022-09-24 11:27:10', 104654),
(3629, -34.5, '2022-09-24 11:28:10', 104651),
(3630, -32.9, '2022-09-24 11:28:10', 104652),
(3631, -35, '2022-09-24 11:28:10', 104653),
(3632, 6.3, '2022-09-24 11:28:10', 104654),
(3633, -34.6, '2022-09-24 11:29:10', 104651),
(3634, -33, '2022-09-24 11:29:10', 104652),
(3635, -35, '2022-09-24 11:29:10', 104653),
(3636, 6.3, '2022-09-24 11:29:10', 104654),
(3637, -34.7, '2022-09-24 11:30:10', 104651),
(3638, -33.2, '2022-09-24 11:30:10', 104652),
(3639, -35, '2022-09-24 11:30:10', 104653),
(3640, 6.4, '2022-09-24 11:30:10', 104654),
(3641, -34.7, '2022-09-24 11:31:10', 104651),
(3642, -33.2, '2022-09-24 11:31:10', 104652),
(3643, -35, '2022-09-24 11:31:10', 104653),
(3644, 6.5, '2022-09-24 11:31:10', 104654),
(3645, -34.9, '2022-09-24 11:32:10', 104651),
(3646, -33.3, '2022-09-24 11:32:10', 104652),
(3647, -35.3, '2022-09-24 11:32:10', 104653),
(3648, 6.3, '2022-09-24 11:32:10', 104654),
(3649, -34.9, '2022-09-24 11:33:10', 104651),
(3650, -33.2, '2022-09-24 11:33:10', 104652),
(3651, -35.3, '2022-09-24 11:33:10', 104653),
(3652, 6.4, '2022-09-24 11:33:10', 104654),
(3653, -34.9, '2022-09-24 11:34:10', 104651),
(3654, -33.3, '2022-09-24 11:34:10', 104652),
(3655, -35.3, '2022-09-24 11:34:10', 104653),
(3656, 6.6, '2022-09-24 11:34:10', 104654),
(3657, -35, '2022-09-24 11:35:10', 104651),
(3658, -33.3, '2022-09-24 11:35:10', 104652),
(3659, -35.5, '2022-09-24 11:35:10', 104653),
(3660, 7.5, '2022-09-24 11:35:10', 104654),
(3661, -35.2, '2022-09-24 11:36:10', 104651),
(3662, -33.4, '2022-09-24 11:36:10', 104652),
(3663, -35.7, '2022-09-24 11:36:10', 104653),
(3664, 7.7, '2022-09-24 11:36:10', 104654),
(3665, -35.2, '2022-09-24 11:37:10', 104651),
(3666, -33.5, '2022-09-24 11:37:10', 104652),
(3667, -35.7, '2022-09-24 11:37:10', 104653),
(3668, 8, '2022-09-24 11:37:10', 104654),
(3669, -35.4, '2022-09-24 11:38:10', 104651),
(3670, -33.7, '2022-09-24 11:38:10', 104652),
(3671, -35.9, '2022-09-24 11:38:10', 104653),
(3672, 7.9, '2022-09-24 11:38:10', 104654),
(3673, -35.7, '2022-09-24 11:39:10', 104651),
(3674, -34.1, '2022-09-24 11:39:10', 104652),
(3675, -35.8, '2022-09-24 11:39:10', 104653),
(3676, 8, '2022-09-24 11:39:10', 104654),
(3677, -35.6, '2022-09-24 11:40:10', 104651),
(3678, -34.1, '2022-09-24 11:40:10', 104652),
(3679, -35.8, '2022-09-24 11:40:10', 104653),
(3680, 8, '2022-09-24 11:40:10', 104654),
(3681, -35.6, '2022-09-24 11:41:10', 104651),
(3682, -34.2, '2022-09-24 11:41:10', 104652),
(3683, -36, '2022-09-24 11:41:10', 104653),
(3684, 7.9, '2022-09-24 11:41:10', 104654),
(3685, -35.8, '2022-09-24 11:42:10', 104651),
(3686, -34.3, '2022-09-24 11:42:10', 104652),
(3687, -36.2, '2022-09-24 11:42:10', 104653),
(3688, 7.8, '2022-09-24 11:42:10', 104654),
(3689, -35.6, '2022-09-24 11:43:10', 104651),
(3690, -34.2, '2022-09-24 11:43:10', 104652),
(3691, -36.1, '2022-09-24 11:43:10', 104653),
(3692, 8, '2022-09-24 11:43:10', 104654),
(3693, -35.7, '2022-09-24 11:44:10', 104651),
(3694, -34.2, '2022-09-24 11:44:10', 104652),
(3695, -36.1, '2022-09-24 11:44:10', 104653),
(3696, 8, '2022-09-24 11:44:10', 104654),
(3697, -35.9, '2022-09-24 11:45:10', 104651),
(3698, -34.5, '2022-09-24 11:45:10', 104652),
(3699, -36.1, '2022-09-24 11:45:10', 104653),
(3700, 8.1, '2022-09-24 11:45:10', 104654),
(3701, -35.8, '2022-09-24 11:46:10', 104651),
(3702, -34.4, '2022-09-24 11:46:10', 104652),
(3703, -36.3, '2022-09-24 11:46:10', 104653),
(3704, 8.1, '2022-09-24 11:46:10', 104654),
(3705, -36.1, '2022-09-24 11:47:10', 104651),
(3706, -34.7, '2022-09-24 11:47:10', 104652),
(3707, -36.5, '2022-09-24 11:47:10', 104653),
(3708, 8.5, '2022-09-24 11:47:10', 104654),
(3709, -36.1, '2022-09-24 11:48:10', 104651),
(3710, -31.4, '2022-09-24 11:48:10', 104652),
(3711, -35.6, '2022-09-24 11:48:10', 104653),
(3712, 9.2, '2022-09-24 11:48:10', 104654),
(3713, -34.6, '2022-09-24 11:49:10', 104651),
(3714, -21.4, '2022-09-24 11:49:10', 104652),
(3715, -25.7, '2022-09-24 11:49:10', 104653),
(3716, 9.6, '2022-09-24 11:49:10', 104654),
(3717, -33.1, '2022-09-24 11:50:10', 104651),
(3718, -26.5, '2022-09-24 11:50:10', 104652),
(3719, -28.5, '2022-09-24 11:50:10', 104653),
(3720, 9.5, '2022-09-24 11:50:10', 104654),
(3721, -33.5, '2022-09-24 11:51:10', 104651),
(3722, -30.1, '2022-09-24 11:51:10', 104652),
(3723, -30.1, '2022-09-24 11:51:10', 104653),
(3724, 9.2, '2022-09-24 11:51:10', 104654),
(3725, -33.7, '2022-09-24 11:52:10', 104651),
(3726, -31.1, '2022-09-24 11:52:10', 104652),
(3727, -30, '2022-09-24 11:52:10', 104653),
(3728, 9.1, '2022-09-24 11:52:10', 104654),
(3729, -33.5, '2022-09-24 11:53:10', 104651),
(3730, -31.5, '2022-09-24 11:53:10', 104652),
(3731, -30.3, '2022-09-24 11:53:10', 104653),
(3732, 9, '2022-09-24 11:53:10', 104654),
(3733, -33.7, '2022-09-24 11:54:10', 104651),
(3734, -31.9, '2022-09-24 11:54:10', 104652),
(3735, -30.9, '2022-09-24 11:54:10', 104653),
(3736, 8.9, '2022-09-24 11:54:10', 104654),
(3737, -33.6, '2022-09-24 11:55:10', 104651),
(3738, -32, '2022-09-24 11:55:10', 104652),
(3739, -31.6, '2022-09-24 11:55:10', 104653),
(3740, 8.9, '2022-09-24 11:55:10', 104654),
(3741, -33.7, '2022-09-24 11:56:10', 104651),
(3742, -32.3, '2022-09-24 11:56:10', 104652),
(3743, -32, '2022-09-24 11:56:10', 104653),
(3744, 9, '2022-09-24 11:56:10', 104654),
(3745, -34, '2022-09-24 11:57:10', 104651),
(3746, -32.6, '2022-09-24 11:57:10', 104652),
(3747, -32.6, '2022-09-24 11:57:10', 104653),
(3748, 9.1, '2022-09-24 11:57:10', 104654),
(3749, -34, '2022-09-24 11:58:10', 104651),
(3750, -32.4, '2022-09-24 11:58:10', 104652),
(3751, -32.9, '2022-09-24 11:58:10', 104653),
(3752, 9.4, '2022-09-24 11:58:10', 104654),
(3753, -34.1, '2022-09-24 11:59:10', 104651),
(3754, -31.4, '2022-09-24 11:59:10', 104652),
(3755, -32.7, '2022-09-24 11:59:10', 104653),
(3756, 9.5, '2022-09-24 11:59:10', 104654),
(3757, -34.5, '2022-09-24 12:00:10', 104651),
(3758, -31.8, '2022-09-24 12:00:10', 104652),
(3759, -32.1, '2022-09-24 12:00:10', 104653),
(3760, 9.4, '2022-09-24 12:00:10', 104654),
(3761, -34.6, '2022-09-24 12:01:10', 104651),
(3762, -32, '2022-09-24 12:01:10', 104652),
(3763, -32, '2022-09-24 12:01:10', 104653),
(3764, 9.2, '2022-09-24 12:01:10', 104654),
(3765, -34.6, '2022-09-24 12:02:10', 104651),
(3766, -32, '2022-09-24 12:02:10', 104652),
(3767, -32.4, '2022-09-24 12:02:10', 104653),
(3768, 8.8, '2022-09-24 12:02:10', 104654),
(3769, -34.5, '2022-09-24 12:03:10', 104651),
(3770, -30.3, '2022-09-24 12:03:10', 104652),
(3771, -32, '2022-09-24 12:03:10', 104653),
(3772, 8.8, '2022-09-24 12:03:10', 104654),
(3773, -34.8, '2022-09-24 12:04:10', 104651),
(3774, -30.3, '2022-09-24 12:04:10', 104652),
(3775, -31.7, '2022-09-24 12:04:10', 104653),
(3776, 8.6, '2022-09-24 12:04:10', 104654);

-- --------------------------------------------------------

--
-- Table structure for table `users`
--

CREATE TABLE `users` (
  `id` bigint(20) UNSIGNED NOT NULL,
  `name` varchar(191) COLLATE utf8mb4_unicode_ci NOT NULL,
  `staff_id` int(11) NOT NULL,
  `email` varchar(191) COLLATE utf8mb4_unicode_ci DEFAULT NULL,
  `phone` varchar(191) COLLATE utf8mb4_unicode_ci DEFAULT NULL,
  `image` varchar(191) COLLATE utf8mb4_unicode_ci DEFAULT NULL,
  `role_id` bigint(20) UNSIGNED NOT NULL,
  `is_active` tinyint(1) NOT NULL DEFAULT 1,
  `email_verified_at` timestamp NULL DEFAULT NULL,
  `remember_token` varchar(100) COLLATE utf8mb4_unicode_ci DEFAULT NULL,
  `created_at` timestamp NULL DEFAULT NULL,
  `updated_at` timestamp NULL DEFAULT NULL
) ENGINE=InnoDB DEFAULT CHARSET=utf8mb4 COLLATE=utf8mb4_unicode_ci;

--
-- Dumping data for table `users`
--

INSERT INTO `users` (`id`, `name`, `staff_id`, `email`, `phone`, `image`, `role_id`, `is_active`, `email_verified_at`, `remember_token`, `created_at`, `updated_at`) VALUES
(1, 'Md. Sehirul Islam Rehi', 376395, NULL, '01704158504', NULL, 1, 1, NULL, 'aj0PJCwkTCLFqWRG1rtBa9pWD1XHFzyJdc9cQgErVJZYrbAW2ANu9XJyWE85', '2022-09-24 00:00:00', '2022-09-24 00:00:00'),
(2, 'Sheik Rasel Uddin', 269245, NULL, '01717144033', NULL, 1, 1, NULL, NULL, '2022-09-24 00:01:29', '2022-09-24 00:01:29'),
(3, 'Md. Moshiur Rahman', 11808, 'pipmis@pip.rflgroupbd.com', '01841357525', NULL, 1, 1, NULL, NULL, '2022-09-24 00:02:10', '2022-09-24 00:02:10'),
(4, 'Md. Jahangir Alam', 36946, 'cake8@hip.prangroup.com', '01704132785', NULL, 1, 1, NULL, NULL, '2022-09-24 00:02:18', '2022-09-24 00:02:18');

-- --------------------------------------------------------

--
-- Table structure for table `user_locations`
--

CREATE TABLE `user_locations` (
  `id` bigint(20) UNSIGNED NOT NULL,
  `user_id` bigint(20) UNSIGNED NOT NULL,
  `location_id` bigint(20) UNSIGNED NOT NULL,
  `type` enum('Group','Company','Location') COLLATE utf8mb4_unicode_ci NOT NULL,
  `created_at` timestamp NULL DEFAULT NULL,
  `updated_at` timestamp NULL DEFAULT NULL
) ENGINE=InnoDB DEFAULT CHARSET=utf8mb4 COLLATE=utf8mb4_unicode_ci;

--
-- Dumping data for table `user_locations`
--

INSERT INTO `user_locations` (`id`, `user_id`, `location_id`, `type`, `created_at`, `updated_at`) VALUES
(1, 1, 1, 'Group', '2022-09-24 00:00:00', '2022-09-24 00:00:00'),
(2, 1, 3, 'Company', '2022-09-24 00:00:00', '2022-09-24 00:00:00'),
(3, 1, 5, 'Location', '2022-09-24 00:00:00', '2022-09-24 00:00:00'),
(4, 1, 6, 'Location', '2022-09-24 00:00:00', '2022-09-24 00:00:00'),
(5, 2, 1, 'Group', '2022-09-24 00:01:29', '2022-09-24 00:01:29'),
(6, 2, 3, 'Company', '2022-09-24 00:01:29', '2022-09-24 00:01:29'),
(7, 2, 5, 'Location', '2022-09-24 00:01:29', '2022-09-24 00:01:29'),
(8, 2, 6, 'Location', '2022-09-24 00:01:29', '2022-09-24 00:01:29'),
(9, 3, 1, 'Group', '2022-09-24 00:02:10', '2022-09-24 00:02:10'),
(10, 3, 3, 'Company', '2022-09-24 00:02:10', '2022-09-24 00:02:10'),
(11, 3, 5, 'Location', '2022-09-24 00:02:10', '2022-09-24 00:02:10'),
(12, 3, 6, 'Location', '2022-09-24 00:02:10', '2022-09-24 00:02:10'),
(13, 4, 1, 'Group', '2022-09-24 00:02:18', '2022-09-24 00:02:18'),
(14, 4, 3, 'Company', '2022-09-24 00:02:18', '2022-09-24 00:02:18'),
(15, 4, 5, 'Location', '2022-09-24 00:02:18', '2022-09-24 00:02:18'),
(16, 4, 6, 'Location', '2022-09-24 00:02:18', '2022-09-24 00:02:18');

--
-- Indexes for dumped tables
--

--
-- Indexes for table `app_infos`
--
ALTER TABLE `app_infos`
  ADD PRIMARY KEY (`id`);

--
-- Indexes for table `devices`
--
ALTER TABLE `devices`
  ADD PRIMARY KEY (`id`),
  ADD UNIQUE KEY `devices_device_number_unique` (`device_number`),
  ADD UNIQUE KEY `devices_device_manual_id_unique` (`device_manual_id`),
  ADD KEY `devices_group_id_foreign` (`group_id`),
  ADD KEY `devices_company_id_foreign` (`company_id`),
  ADD KEY `devices_location_id_foreign` (`location_id`);

--
-- Indexes for table `failed_jobs`
--
ALTER TABLE `failed_jobs`
  ADD PRIMARY KEY (`id`),
  ADD UNIQUE KEY `failed_jobs_uuid_unique` (`uuid`);

--
-- Indexes for table `freezers`
--
ALTER TABLE `freezers`
  ADD PRIMARY KEY (`id`),
  ADD KEY `freezers_group_id_foreign` (`group_id`),
  ADD KEY `freezers_company_id_foreign` (`company_id`),
  ADD KEY `freezers_location_id_foreign` (`location_id`);

--
-- Indexes for table `freezer_details`
--
ALTER TABLE `freezer_details`
  ADD PRIMARY KEY (`id`),
  ADD KEY `freezer_details_freezer_id_foreign` (`freezer_id`),
  ADD KEY `freezer_details_device_id_foreign` (`device_id`);

--
-- Indexes for table `locations`
--
ALTER TABLE `locations`
  ADD PRIMARY KEY (`id`),
  ADD KEY `locations_location_id_foreign` (`location_id`);

--
-- Indexes for table `migrations`
--
ALTER TABLE `migrations`
  ADD PRIMARY KEY (`id`);

--
-- Indexes for table `modules`
--
ALTER TABLE `modules`
  ADD PRIMARY KEY (`id`),
  ADD UNIQUE KEY `modules_name_unique` (`name`),
  ADD UNIQUE KEY `modules_key_unique` (`key`),
  ADD UNIQUE KEY `modules_position_unique` (`position`);

--
-- Indexes for table `password_resets`
--
ALTER TABLE `password_resets`
  ADD PRIMARY KEY (`id`),
  ADD KEY `password_resets_email_index` (`email`);

--
-- Indexes for table `permissions`
--
ALTER TABLE `permissions`
  ADD PRIMARY KEY (`id`),
  ADD UNIQUE KEY `permissions_key_unique` (`key`),
  ADD KEY `permissions_module_id_foreign` (`module_id`);

--
-- Indexes for table `permission_role`
--
ALTER TABLE `permission_role`
  ADD PRIMARY KEY (`id`),
  ADD KEY `permission_role_role_id_foreign` (`role_id`);

--
-- Indexes for table `personal_access_tokens`
--
ALTER TABLE `personal_access_tokens`
  ADD PRIMARY KEY (`id`),
  ADD UNIQUE KEY `personal_access_tokens_token_unique` (`token`),
  ADD KEY `personal_access_tokens_tokenable_type_tokenable_id_index` (`tokenable_type`,`tokenable_id`);

--
-- Indexes for table `roles`
--
ALTER TABLE `roles`
  ADD PRIMARY KEY (`id`);

--
-- Indexes for table `role_locations`
--
ALTER TABLE `role_locations`
  ADD PRIMARY KEY (`id`),
  ADD KEY `role_locations_role_id_foreign` (`role_id`),
  ADD KEY `role_locations_location_id_foreign` (`location_id`);

--
-- Indexes for table `sub_modules`
--
ALTER TABLE `sub_modules`
  ADD PRIMARY KEY (`id`),
  ADD UNIQUE KEY `sub_modules_name_unique` (`name`),
  ADD UNIQUE KEY `sub_modules_key_unique` (`key`),
  ADD KEY `sub_modules_module_id_foreign` (`module_id`);

--
-- Indexes for table `super_admins`
--
ALTER TABLE `super_admins`
  ADD PRIMARY KEY (`id`),
  ADD UNIQUE KEY `super_admins_email_unique` (`email`);

--
-- Indexes for table `temperature`
--
ALTER TABLE `temperature`
  ADD PRIMARY KEY (`id`);

--
-- Indexes for table `temperature_2022_09`
--
ALTER TABLE `temperature_2022_09`
  ADD PRIMARY KEY (`id`),
  ADD KEY `device_manual_id_2` (`device_manual_id`);

--
-- Indexes for table `users`
--
ALTER TABLE `users`
  ADD PRIMARY KEY (`id`),
  ADD UNIQUE KEY `users_staff_id_unique` (`staff_id`),
  ADD KEY `users_role_id_foreign` (`role_id`);

--
-- Indexes for table `user_locations`
--
ALTER TABLE `user_locations`
  ADD PRIMARY KEY (`id`),
  ADD KEY `user_locations_user_id_foreign` (`user_id`),
  ADD KEY `user_locations_location_id_foreign` (`location_id`);

--
-- AUTO_INCREMENT for dumped tables
--

--
-- AUTO_INCREMENT for table `app_infos`
--
ALTER TABLE `app_infos`
  MODIFY `id` bigint(20) UNSIGNED NOT NULL AUTO_INCREMENT, AUTO_INCREMENT=2;

--
-- AUTO_INCREMENT for table `devices`
--
ALTER TABLE `devices`
  MODIFY `id` bigint(20) UNSIGNED NOT NULL AUTO_INCREMENT, AUTO_INCREMENT=5;

--
-- AUTO_INCREMENT for table `failed_jobs`
--
ALTER TABLE `failed_jobs`
  MODIFY `id` bigint(20) UNSIGNED NOT NULL AUTO_INCREMENT;

--
-- AUTO_INCREMENT for table `freezers`
--
ALTER TABLE `freezers`
  MODIFY `id` bigint(20) UNSIGNED NOT NULL AUTO_INCREMENT, AUTO_INCREMENT=2;

--
-- AUTO_INCREMENT for table `freezer_details`
--
ALTER TABLE `freezer_details`
  MODIFY `id` bigint(20) UNSIGNED NOT NULL AUTO_INCREMENT, AUTO_INCREMENT=5;

--
-- AUTO_INCREMENT for table `locations`
--
ALTER TABLE `locations`
  MODIFY `id` bigint(20) UNSIGNED NOT NULL AUTO_INCREMENT, AUTO_INCREMENT=8;

--
-- AUTO_INCREMENT for table `migrations`
--
ALTER TABLE `migrations`
  MODIFY `id` int(10) UNSIGNED NOT NULL AUTO_INCREMENT, AUTO_INCREMENT=19;

--
-- AUTO_INCREMENT for table `modules`
--
ALTER TABLE `modules`
  MODIFY `id` bigint(20) UNSIGNED NOT NULL AUTO_INCREMENT, AUTO_INCREMENT=51;

--
-- AUTO_INCREMENT for table `password_resets`
--
ALTER TABLE `password_resets`
  MODIFY `id` bigint(20) UNSIGNED NOT NULL AUTO_INCREMENT;

--
-- AUTO_INCREMENT for table `permissions`
--
ALTER TABLE `permissions`
  MODIFY `id` bigint(20) UNSIGNED NOT NULL AUTO_INCREMENT, AUTO_INCREMENT=30;

--
-- AUTO_INCREMENT for table `permission_role`
--
ALTER TABLE `permission_role`
  MODIFY `id` bigint(20) UNSIGNED NOT NULL AUTO_INCREMENT, AUTO_INCREMENT=34;

--
-- AUTO_INCREMENT for table `personal_access_tokens`
--
ALTER TABLE `personal_access_tokens`
  MODIFY `id` bigint(20) UNSIGNED NOT NULL AUTO_INCREMENT;

--
-- AUTO_INCREMENT for table `roles`
--
ALTER TABLE `roles`
  MODIFY `id` bigint(20) UNSIGNED NOT NULL AUTO_INCREMENT, AUTO_INCREMENT=3;

--
-- AUTO_INCREMENT for table `role_locations`
--
ALTER TABLE `role_locations`
  MODIFY `id` bigint(20) UNSIGNED NOT NULL AUTO_INCREMENT, AUTO_INCREMENT=9;

--
-- AUTO_INCREMENT for table `sub_modules`
--
ALTER TABLE `sub_modules`
  MODIFY `id` bigint(20) UNSIGNED NOT NULL AUTO_INCREMENT, AUTO_INCREMENT=9;

--
-- AUTO_INCREMENT for table `super_admins`
--
ALTER TABLE `super_admins`
  MODIFY `id` bigint(20) UNSIGNED NOT NULL AUTO_INCREMENT, AUTO_INCREMENT=2;

--
-- AUTO_INCREMENT for table `temperature`
--
ALTER TABLE `temperature`
  MODIFY `id` bigint(20) UNSIGNED NOT NULL AUTO_INCREMENT;

--
-- AUTO_INCREMENT for table `temperature_2022_09`
--
ALTER TABLE `temperature_2022_09`
  MODIFY `id` int(11) NOT NULL AUTO_INCREMENT, AUTO_INCREMENT=3777;

--
-- AUTO_INCREMENT for table `users`
--
ALTER TABLE `users`
  MODIFY `id` bigint(20) UNSIGNED NOT NULL AUTO_INCREMENT, AUTO_INCREMENT=5;

--
-- AUTO_INCREMENT for table `user_locations`
--
ALTER TABLE `user_locations`
  MODIFY `id` bigint(20) UNSIGNED NOT NULL AUTO_INCREMENT, AUTO_INCREMENT=17;

--
-- Constraints for dumped tables
--

--
-- Constraints for table `devices`
--
ALTER TABLE `devices`
  ADD CONSTRAINT `devices_company_id_foreign` FOREIGN KEY (`company_id`) REFERENCES `locations` (`id`) ON DELETE CASCADE,
  ADD CONSTRAINT `devices_group_id_foreign` FOREIGN KEY (`group_id`) REFERENCES `locations` (`id`) ON DELETE CASCADE,
  ADD CONSTRAINT `devices_location_id_foreign` FOREIGN KEY (`location_id`) REFERENCES `locations` (`id`) ON DELETE CASCADE;

--
-- Constraints for table `freezers`
--
ALTER TABLE `freezers`
  ADD CONSTRAINT `freezers_company_id_foreign` FOREIGN KEY (`company_id`) REFERENCES `locations` (`id`) ON DELETE CASCADE,
  ADD CONSTRAINT `freezers_group_id_foreign` FOREIGN KEY (`group_id`) REFERENCES `locations` (`id`) ON DELETE CASCADE,
  ADD CONSTRAINT `freezers_location_id_foreign` FOREIGN KEY (`location_id`) REFERENCES `locations` (`id`) ON DELETE CASCADE;

--
-- Constraints for table `freezer_details`
--
ALTER TABLE `freezer_details`
  ADD CONSTRAINT `freezer_details_device_id_foreign` FOREIGN KEY (`device_id`) REFERENCES `devices` (`id`) ON DELETE CASCADE,
  ADD CONSTRAINT `freezer_details_freezer_id_foreign` FOREIGN KEY (`freezer_id`) REFERENCES `freezers` (`id`) ON DELETE CASCADE;

--
-- Constraints for table `locations`
--
ALTER TABLE `locations`
  ADD CONSTRAINT `locations_location_id_foreign` FOREIGN KEY (`location_id`) REFERENCES `locations` (`id`) ON DELETE CASCADE;

--
-- Constraints for table `permissions`
--
ALTER TABLE `permissions`
  ADD CONSTRAINT `permissions_module_id_foreign` FOREIGN KEY (`module_id`) REFERENCES `modules` (`id`) ON DELETE CASCADE;

--
-- Constraints for table `permission_role`
--
ALTER TABLE `permission_role`
  ADD CONSTRAINT `permission_role_role_id_foreign` FOREIGN KEY (`role_id`) REFERENCES `roles` (`id`) ON DELETE CASCADE;

--
-- Constraints for table `role_locations`
--
ALTER TABLE `role_locations`
  ADD CONSTRAINT `role_locations_location_id_foreign` FOREIGN KEY (`location_id`) REFERENCES `locations` (`id`) ON DELETE CASCADE,
  ADD CONSTRAINT `role_locations_role_id_foreign` FOREIGN KEY (`role_id`) REFERENCES `roles` (`id`) ON DELETE CASCADE;

--
-- Constraints for table `sub_modules`
--
ALTER TABLE `sub_modules`
  ADD CONSTRAINT `sub_modules_module_id_foreign` FOREIGN KEY (`module_id`) REFERENCES `modules` (`id`) ON DELETE CASCADE;

--
-- Constraints for table `users`
--
ALTER TABLE `users`
  ADD CONSTRAINT `users_role_id_foreign` FOREIGN KEY (`role_id`) REFERENCES `roles` (`id`) ON DELETE CASCADE;

--
-- Constraints for table `user_locations`
--
ALTER TABLE `user_locations`
  ADD CONSTRAINT `user_locations_location_id_foreign` FOREIGN KEY (`location_id`) REFERENCES `locations` (`id`) ON DELETE CASCADE,
  ADD CONSTRAINT `user_locations_user_id_foreign` FOREIGN KEY (`user_id`) REFERENCES `users` (`id`) ON DELETE CASCADE;
COMMIT;

/*!40101 SET CHARACTER_SET_CLIENT=@OLD_CHARACTER_SET_CLIENT */;
/*!40101 SET CHARACTER_SET_RESULTS=@OLD_CHARACTER_SET_RESULTS */;
/*!40101 SET COLLATION_CONNECTION=@OLD_COLLATION_CONNECTION */;
